date,gig_category,avg_price_usd,median_price_usd,min_price_usd,max_price_usd,n_listings,discount_active,price_change_pct
2024-10-01,AI/ML Development,632.69,617.09,300.74,925.64,4450,False,
2024-10-01,Content Writing,61.92,60.61,32.27,96.01,7899,False,
2024-10-01,Data Analysis,325.85,332.28,175.93,546.73,2982,False,
2024-10-01,Financial Modeling,454.01,422.84,262.23,639.05,1754,False,
2024-10-01,Graphic Design,114.25,110.01,76.97,169.49,8244,False,
2024-10-01,Legal Consulting,691.38,663.94,424.27,1199.89,639,False,
2024-10-01,Mobile App,505.0,468.85,198.06,780.91,2540,False,
2024-10-01,Music Production,164.85,168.38,112.46,259.5,1413,False,
2024-10-01,Photography,152.82,163.1,66.24,280.48,3694,False,
2024-10-01,SEO/SEM,221.38,235.88,159.13,306.9,4210,False,
2024-10-01,Social Media Management,167.69,170.93,76.26,347.93,3463,False,
2024-10-01,Translation,78.73,78.89,45.83,116.73,5213,False,
2024-10-01,Video Production,229.98,242.29,97.41,481.94,3429,False,
2024-10-01,Virtual Assistant,45.18,42.95,19.13,73.45,7884,False,
2024-10-01,Web Development,378.09,354.4,158.48,741.67,3653,False,
2024-10-02,AI/ML Development,601.01,565.26,423.35,867.87,2292,False,
2024-10-02,Content Writing,50.82,50.79,33.65,66.8,10410,False,
2024-10-02,Data Analysis,308.87,291.3,172.25,448.53,3246,False,
2024-10-02,Financial Modeling,453.06,446.96,247.33,742.39,897,False,
2024-10-02,Graphic Design,103.14,108.37,49.86,205.89,4387,False,
2024-10-02,Legal Consulting,632.46,607.61,246.91,969.11,345,False,
2024-10-02,Mobile App,521.57,483.82,266.37,863.61,2151,False,
2024-10-02,Music Production,208.52,216.03,142.09,271.03,2118,False,
2024-10-02,Photography,129.69,124.75,52.62,227.29,3489,False,
2024-10-02,SEO/SEM,263.23,246.97,133.17,455.45,2439,False,
2024-10-02,Social Media Management,184.34,196.6,84.95,327.03,3872,False,
2024-10-02,Translation,80.98,75.25,40.39,127.25,4604,False,
2024-10-02,Video Production,302.09,304.96,133.94,474.48,1566,False,
2024-10-02,Virtual Assistant,47.05,49.44,24.8,67.94,4096,False,
2024-10-02,Web Development,427.59,439.66,210.07,790.25,3649,False,
2024-10-03,AI/ML Development,651.47,685.19,452.5,850.8,2239,False,
2024-10-03,Content Writing,50.29,48.25,28.36,74.32,9950,False,
2024-10-03,Data Analysis,315.59,307.1,151.27,498.21,2932,False,
2024-10-03,Financial Modeling,544.4,540.34,210.61,1069.16,844,False,
2024-10-03,Graphic Design,110.09,118.81,65.42,171.4,5687,False,
2024-10-03,Legal Consulting,825.91,765.29,480.62,1335.05,986,False,
2024-10-03,Mobile App,571.97,600.7,245.36,970.15,2141,False,
2024-10-03,Music Production,156.65,153.92,75.1,311.87,976,False,
2024-10-03,Photography,133.97,144.59,74.47,204.73,1480,False,
2024-10-03,SEO/SEM,244.68,248.97,110.35,499.86,5344,False,
2024-10-03,Social Media Management,166.88,164.47,72.42,330.13,3564,False,
2024-10-03,Translation,67.61,65.15,31.2,105.07,4365,False,
2024-10-03,Video Production,292.49,278.99,119.07,635.0,2461,False,
2024-10-03,Virtual Assistant,51.43,54.21,27.61,82.43,6106,False,
2024-10-03,Web Development,451.91,421.82,192.75,806.01,3654,False,
2024-10-04,AI/ML Development,593.16,633.07,228.14,982.44,3545,False,
2024-10-04,Content Writing,50.23,48.64,25.53,75.43,6459,False,
2024-10-04,Data Analysis,316.92,301.0,167.36,535.74,3874,False,
2024-10-04,Financial Modeling,411.11,406.25,215.06,728.37,2349,False,
2024-10-04,Graphic Design,113.97,116.69,60.54,190.18,3688,False,
2024-10-04,Legal Consulting,669.07,666.84,442.5,1071.57,834,False,
2024-10-04,Mobile App,619.34,597.48,364.24,864.42,2151,False,
2024-10-04,Music Production,187.74,190.83,106.67,316.12,1026,False,
2024-10-04,Photography,137.03,134.72,58.88,287.39,2927,False,
2024-10-04,SEO/SEM,255.77,272.46,153.91,382.04,1889,False,
2024-10-04,Social Media Management,161.87,165.3,83.62,264.66,4101,False,
2024-10-04,Translation,78.18,73.5,39.9,151.02,5158,False,
2024-10-04,Video Production,270.31,257.88,104.93,507.16,1833,False,
2024-10-04,Virtual Assistant,44.94,45.52,28.58,67.27,8349,False,
2024-10-04,Web Development,361.28,350.57,254.4,481.91,2998,False,
2024-10-05,AI/ML Development,688.44,636.99,274.97,1327.1,1986,False,
2024-10-05,Content Writing,48.25,50.71,22.14,76.5,6682,False,
2024-10-05,Data Analysis,358.52,377.41,155.78,752.1,3707,False,
2024-10-05,Financial Modeling,443.49,438.99,184.86,807.99,1354,False,
2024-10-05,Graphic Design,106.06,109.29,50.18,195.29,4213,False,
2024-10-05,Legal Consulting,829.56,843.05,420.12,1605.35,1070,False,
2024-10-05,Mobile App,522.4,551.74,315.84,849.12,5094,False,
2024-10-05,Music Production,175.0,175.33,123.58,243.79,2501,False,
2024-10-05,Photography,119.82,126.85,58.55,186.19,2258,False,
2024-10-05,SEO/SEM,245.21,251.16,116.58,490.51,2669,False,
2024-10-05,Social Media Management,172.73,158.99,116.22,266.48,4658,False,
2024-10-05,Translation,66.27,63.63,45.24,89.91,3352,False,
2024-10-05,Video Production,293.66,271.79,173.56,536.43,2791,False,
2024-10-05,Virtual Assistant,43.16,43.54,20.89,86.42,6579,False,
2024-10-05,Web Development,443.46,433.6,183.57,921.73,2840,False,
2024-10-06,AI/ML Development,626.28,576.67,391.06,915.85,2379,False,
2024-10-06,Content Writing,58.7,63.19,36.09,97.77,9274,False,
2024-10-06,Data Analysis,367.12,344.96,189.94,655.98,6117,False,
2024-10-06,Financial Modeling,524.29,565.47,204.32,1057.82,1192,False,
2024-10-06,Graphic Design,93.44,99.68,58.68,152.08,8342,False,
2024-10-06,Legal Consulting,765.07,811.59,399.36,1257.95,637,False,
2024-10-06,Mobile App,547.11,583.0,353.93,884.26,2979,False,
2024-10-06,Music Production,161.96,169.99,75.56,328.43,1644,False,
2024-10-06,Photography,140.04,134.17,58.98,233.92,3089,False,
2024-10-06,SEO/SEM,223.81,230.35,134.3,324.81,2968,False,
2024-10-06,Social Media Management,174.31,187.34,73.93,348.24,3189,False,
2024-10-06,Translation,64.49,65.55,45.9,99.78,2799,False,
2024-10-06,Video Production,258.01,268.67,131.17,444.21,1408,False,
2024-10-06,Virtual Assistant,44.46,44.98,17.88,71.22,3720,False,
2024-10-06,Web Development,398.23,417.21,241.1,571.45,6607,False,
2024-10-07,AI/ML Development,741.79,761.37,363.66,1319.46,1332,False,
2024-10-07,Content Writing,53.07,54.17,23.89,111.31,6560,False,
2024-10-07,Data Analysis,304.8,322.21,137.7,518.48,3689,False,
2024-10-07,Financial Modeling,535.77,546.13,304.19,777.97,1463,False,
2024-10-07,Graphic Design,94.13,98.2,37.99,169.47,6909,False,
2024-10-07,Legal Consulting,763.1,742.55,491.4,990.44,765,False,
2024-10-07,Mobile App,488.45,499.18,312.73,762.06,4180,False,
2024-10-07,Music Production,152.17,149.97,98.42,252.06,2497,False,
2024-10-07,Photography,150.56,159.54,87.34,265.84,3763,False,
2024-10-07,SEO/SEM,226.1,235.95,144.68,378.38,2897,False,
2024-10-07,Social Media Management,149.63,142.76,70.41,304.5,3233,False,
2024-10-07,Translation,68.65,73.05,38.58,111.83,7368,False,
2024-10-07,Video Production,237.37,241.31,124.29,461.39,1194,False,
2024-10-07,Virtual Assistant,41.1,38.39,22.21,57.39,6582,False,
2024-10-07,Web Development,455.8,489.49,177.74,770.29,2905,False,
2024-10-08,AI/ML Development,686.96,670.49,264.29,1493.24,2891,False,8.58
2024-10-08,Content Writing,47.83,45.53,25.02,92.66,5460,False,-22.76
2024-10-08,Data Analysis,340.32,324.17,215.36,464.71,3698,False,4.44
2024-10-08,Financial Modeling,456.12,464.95,244.06,683.53,906,False,0.46
2024-10-08,Graphic Design,118.26,120.58,72.12,211.66,2252,False,3.51
2024-10-08,Legal Consulting,691.21,681.51,354.36,1188.91,946,False,-0.02
2024-10-08,Mobile App,525.95,498.97,253.4,916.75,4221,False,4.15
2024-10-08,Music Production,189.95,190.45,110.78,305.57,1410,False,15.23
2024-10-08,Photography,154.67,161.44,85.77,259.29,1355,False,1.21
2024-10-08,SEO/SEM,228.99,230.28,166.14,314.53,3367,False,3.44
2024-10-08,Social Media Management,180.56,193.86,100.97,289.52,4671,False,7.67
2024-10-08,Translation,74.67,74.42,45.09,121.79,3219,False,-5.16
2024-10-08,Video Production,261.35,274.98,163.05,354.33,3287,False,13.64
2024-10-08,Virtual Assistant,41.74,40.72,27.35,59.7,6360,False,-7.61
2024-10-08,Web Development,412.79,441.78,240.1,600.06,4844,False,9.18
2024-10-09,AI/ML Development,578.73,539.26,349.42,882.52,2536,False,-3.71
2024-10-09,Content Writing,61.19,60.66,26.2,96.7,7721,False,20.41
2024-10-09,Data Analysis,325.68,315.43,201.44,558.88,4353,False,5.44
2024-10-09,Financial Modeling,542.19,549.05,390.2,781.42,1728,False,19.67
2024-10-09,Graphic Design,130.39,125.21,78.38,191.66,9498,False,26.42
2024-10-09,Legal Consulting,808.32,839.03,532.4,1119.19,771,False,27.81
2024-10-09,Mobile App,590.73,586.46,346.92,927.87,2094,False,13.26
2024-10-09,Music Production,171.37,164.21,77.04,268.93,2449,False,-17.82
2024-10-09,Photography,1465.63,145.25,53.25,299.19,3755,False,4.01
2024-10-09,SEO/SEM,220.15,222.34,107.37,383.52,3461,False,-16.37
2024-10-09,Social Media Management,166.05,165.26,119.07,226.32,4036,False,-9.92
2024-10-09,Translation,68.71,72.6,31.05,116.78,12016,False,-15.15
2024-10-09,Video Production,296.65,273.54,195.83,410.22,2577,False,-1.8
2024-10-09,Virtual Assistant,52.06,54.06,24.28,94.76,3932,False,10.65
2024-10-09,Web Development,391.08,403.01,178.52,608.87,4646,False,-8.54
2024-10-10,AI/ML Development,730.05,687.02,443.67,1041.5,1621,False,12.06
2024-10-10,Content Writing,53.22,52.02,35.1,81.93,7707,False,5.83
2024-10-10,Data Analysis,316.43,307.95,132.17,473.36,2383,False,0.27
2024-10-10,Financial Modeling,437.48,443.79,276.4,656.78,986,False,-19.64
2024-10-10,Graphic Design,96.46,100.27,55.56,162.57,13681,False,-12.38
2024-10-10,Legal Consulting,760.83,793.95,430.59,1344.73,733,False,-7.88
2024-10-10,Mobile App,564.5,543.5,396.7,869.51,2271,False,-1.31
2024-10-10,Music Production,171.16,161.94,77.9,262.5,1839,False,9.26
2024-10-10,Photography,135.41,144.13,66.93,269.7,3379,False,1.07
2024-10-10,SEO/SEM,229.32,218.47,162.23,341.49,1972,False,-6.28
2024-10-10,Social Media Management,168.03,154.79,90.74,307.57,3111,False,0.69
2024-10-10,Translation,68.61,70.85,40.69,125.39,3203,False,1.48
2024-10-10,Video Production,,295.11,195.76,385.05,1542,False,0.95
2024-10-10,Virtual Assistant,47.34,47.84,20.67,84.96,10148,False,-7.95
2024-10-10,Web Development,414.81,423.95,215.97,801.41,3038,False,-8.21
2024-10-11,AI/ML Development,566.76,551.51,311.15,808.11,2177,False,-4.45
2024-10-11,Content Writing,53.97,55.29,22.52,116.87,6043,False,7.45
2024-10-11,Data Analysis,318.21,310.78,188.38,465.16,4067,False,0.41
2024-10-11,Financial Modeling,466.98,437.18,280.52,622.32,942,False,13.59
2024-10-11,Graphic Design,92.54,89.45,46.38,146.48,4299,False,-18.8
2024-10-11,Legal Consulting,710.06,744.88,357.79,1187.3,529,False,6.13
2024-10-11,Mobile App,517.98,486.91,331.12,802.79,3107,False,-16.37
2024-10-11,Music Production,177.31,163.96,96.76,253.42,3524,False,-5.56
2024-10-11,Photography,148.36,152.11,107.85,203.63,3350,False,8.27
2024-10-11,SEO/SEM,212.64,224.75,150.79,280.06,3885,False,-16.86
2024-10-11,Social Media Management,195.21,196.31,130.01,281.57,4476,False,20.6
2024-10-11,Translation,77.13,73.84,32.96,125.95,5361,False,-1.34
2024-10-11,Video Production,243.48,251.62,107.52,456.85,1079,False,-9.93
2024-10-11,Virtual Assistant,42.69,41.41,26.08,56.77,3418,False,-5.01
2024-10-11,Web Development,409.75,392.62,286.02,587.66,3666,False,13.42
2024-10-12,AI/ML Development,623.1,632.26,457.42,770.7,2420,False,-9.49
2024-10-12,Content Writing,59.57,56.44,29.78,111.97,4091,False,23.46
2024-10-12,Data Analysis,303.23,287.1,164.79,434.5,4191,False,-15.42
2024-10-12,Financial Modeling,421.5,392.27,264.88,666.11,1029,False,-4.96
2024-10-12,Graphic Design,113.95,109.85,62.87,198.74,7503,False,7.44
2024-10-12,Legal Consulting,761.41,731.59,294.56,1408.5,985,False,-8.22
2024-10-12,Mobile App,560.45,600.75,234.55,937.13,2417,False,7.28
2024-10-12,Music Production,181.06,179.25,112.61,291.53,1258,False,3.46
2024-10-12,Photography,142.33,135.48,71.85,273.95,3548,False,18.79
2024-10-12,SEO/SEM,266.86,258.2,133.71,454.96,2921,False,8.83
2024-10-12,Social Media Management,173.34,166.68,81.46,317.11,4251,False,0.35
2024-10-12,Translation,74.99,76.36,38.61,122.53,4569,False,13.16
2024-10-12,Video Production,249.51,236.67,108.61,495.47,921,False,-15.03
2024-10-12,Virtual Assistant,38.04,37.48,25.63,56.49,5567,False,-11.86
2024-10-12,Web Development,373.14,359.93,273.58,508.63,6882,False,-15.86
2024-10-13,AI/ML Development,645.91,683.8,350.31,1044.82,3221,False,3.13
2024-10-13,Content Writing,54.8,55.78,22.88,106.89,9039,False,-6.64
2024-10-13,Data Analysis,311.55,306.5,194.28,459.21,7638,False,-15.14
2024-10-13,Financial Modeling,550.13,550.16,339.61,886.73,1978,False,4.93
2024-10-13,Graphic Design,114.94,121.46,55.59,177.34,5020,False,23.01
2024-10-13,Legal Consulting,626.92,648.59,251.56,1115.24,851,False,-18.06
2024-10-13,Mobile App,595.97,563.47,420.64,830.42,2670,False,8.93
2024-10-13,Music Production,209.82,210.5,147.35,294.44,1435,False,29.55
2024-10-13,Photography,127.35,129.55,66.03,207.29,2672,False,-9.06
2024-10-13,SEO/SEM,270.35,258.82,168.0,385.08,1707,False,20.79
2024-10-13,Social Media Management,186.95,180.75,90.75,359.56,3248,False,7.25
2024-10-13,Translation,73.43,70.11,46.34,95.85,2455,False,13.86
2024-10-13,Video Production,236.0,221.16,102.87,454.07,2320,False,-8.53
2024-10-13,Virtual Assistant,45.14,48.47,30.52,61.07,4534,False,1.53
2024-10-13,Web Development,500.85,478.66,280.47,758.14,6164,False,25.77
2024-10-14,AI/ML Development,692.62,746.49,480.05,999.78,2567,False,-6.63
2024-10-14,Content Writing,54.08,53.56,34.79,74.73,9149,False,1.9
2024-10-14,Data Analysis,338.45,326.24,167.02,543.93,4028,False,11.04
2024-10-14,Financial Modeling,522.73,483.24,249.51,938.25,1293,False,-2.43
2024-10-14,Graphic Design,123.22,125.15,70.32,176.34,4206,False,30.9
2024-10-14,Legal Consulting,759.71,794.64,388.82,1384.65,1216,False,-0.44
2024-10-14,Mobile App,529.33,518.83,303.72,801.77,4403,False,8.37
2024-10-14,Music Production,199.11,198.56,83.83,426.41,1862,False,30.85
2024-10-14,Photography,145.12,152.13,94.52,194.35,3649,False,-3.61
2024-10-14,SEO/SEM,212.91,206.93,120.89,364.86,1619,False,-5.83
2024-10-14,Social Media Management,170.42,180.82,122.99,231.47,3302,False,13.89
2024-10-14,Translation,67.47,66.34,39.57,113.43,7020,False,-1.72
2024-10-14,Video Production,274.4,294.55,107.57,451.09,1287,False,15.6
2024-10-14,Virtual Assistant,56.42,53.49,26.79,91.76,5103,False,37.27
2024-10-14,Web Development,439.63,474.72,293.67,660.43,2794,False,-3.55
2024-10-15,AI/ML Development,695.95,658.55,425.5,1150.1,1546,False,1.31
2024-10-15,Content Writing,66.45,61.47,44.13,104.44,9340,False,38.93
2024-10-15,Data Analysis,310.6,302.3,155.33,596.09,3123,False,-8.73
2024-10-15,Financial Modeling,495.82,498.81,315.15,761.49,1411,False,8.7
2024-10-15,Graphic Design,102.47,102.42,54.13,154.03,5340,False,-13.35
2024-10-15,Legal Consulting,886.03,932.27,348.94,1403.31,894,False,28.19
2024-10-15,Mobile App,510.92,473.78,339.09,654.56,3061,False,-2.86
2024-10-15,Music Production,158.73,162.36,67.33,300.12,2315,False,-16.44
2024-10-15,Photography,148.79,152.49,65.72,221.38,2232,False,-3.8
2024-10-15,SEO/SEM,199.12,199.73,99.11,367.65,2198,False,-13.04
2024-10-15,Social Media Management,160.46,167.11,110.35,234.1,5857,False,-11.13
2024-10-15,Translation,73.04,70.57,35.27,109.44,5964,False,-2.18
2024-10-15,Video Production,301.42,303.44,136.32,502.17,2385,False,15.33
2024-10-15,Virtual Assistant,42.9,42.64,22.4,76.29,3398,False,2.78
2024-10-15,Web Development,422.51,425.17,278.57,698.68,10717,False,2.35
2024-10-16,AI/ML Development,615.59,572.78,403.99,981.99,2365,False,6.37
2024-10-16,Content Writing,58.81,56.83,29.14,91.5,9563,False,-3.89
2024-10-16,Data Analysis,314.79,325.74,127.74,681.64,2788,False,-3.34
2024-10-16,Financial Modeling,460.52,486.2,225.75,762.49,1033,False,-15.06
2024-10-16,Graphic Design,91.29,90.54,63.35,119.72,9083,False,-29.99
2024-10-16,Legal Consulting,756.86,806.18,413.41,1448.52,731,False,-6.37
2024-10-16,Mobile App,650.06,659.09,336.91,936.8,1316,False,10.04
2024-10-16,Music Production,204.78,218.52,93.46,386.29,1497,False,19.5
2024-10-16,Photography,125.22,122.31,52.81,198.13,3769,False,-7.17
2024-10-16,SEO/SEM,256.25,245.76,139.26,437.74,3194,False,16.4
2024-10-16,Social Media Management,159.15,168.88,69.37,240.2,6372,False,-4.16
2024-10-16,Translation,68.35,68.5,34.02,129.97,6639,False,-0.52
2024-10-16,Video Production,281.02,292.11,149.31,452.46,1692,False,-5.27
2024-10-16,Virtual Assistant,55.82,60.15,27.43,112.87,3982,False,7.22
2024-10-16,Web Development,445.57,460.27,247.11,610.69,5186,False,13.93
2024-10-17,AI/ML Development,590.47,569.95,381.53,1005.62,1471,False,-19.12
2024-10-17,Content Writing,61.58,61.99,33.74,115.71,6829,False,15.71
2024-10-17,Data Analysis,293.27,274.4,130.45,501.0,3326,False,-7.32
2024-10-17,Financial Modeling,404.45,403.06,242.29,574.91,1623,False,-7.55
2024-10-17,Graphic Design,107.58,106.41,50.39,210.55,7552,False,11.53
2024-10-17,Legal Consulting,649.92,670.94,372.94,1157.07,1072,False,-14.58
2024-10-17,Mobile App,575.46,580.49,235.49,879.31,4310,False,1.94
2024-10-17,Music Production,198.17,190.45,133.56,263.23,853,False,15.78
2024-10-17,Photography,134.57,126.1,84.3,206.24,3263,False,-0.62
2024-10-17,SEO/SEM,274.1,278.8,154.95,440.56,2890,False,19.53
2024-10-17,Social Media Management,174.22,166.3,107.28,251.65,2824,False,3.68
2024-10-17,Translation,74.68,75.65,44.48,107.13,4019,False,8.85
2024-10-17,Video Production,308.31,308.54,169.73,529.28,1047,False,4.41
2024-10-17,Virtual Assistant,47.23,48.51,28.93,82.37,7590,False,-0.23
2024-10-17,Web Development,433.25,448.47,268.81,654.59,5735,False,4.45
2024-10-18,AI/ML Development,595.87,635.44,428.19,747.84,2163,False,5.14
2024-10-18,Content Writing,61.21,60.93,34.0,108.43,10873,False,13.41
2024-10-18,Data Analysis,306.97,289.87,171.93,489.43,3566,False,-3.53
2024-10-18,Financial Modeling,463.6,484.36,283.76,774.83,1380,False,-0.72
2024-10-18,Graphic Design,108.46,109.67,74.45,147.7,7847,False,17.2
2024-10-18,Legal Consulting,730.12,684.58,383.32,1296.15,953,False,2.83
2024-10-18,Mobile App,578.85,542.2,231.88,1232.43,2028,False,11.75
2024-10-18,Music Production,190.32,205.35,134.63,264.85,2525,False,7.34
2024-10-18,Photography,125.99,121.36,60.03,260.02,2591,False,-15.08
2024-10-18,SEO/SEM,236.47,222.96,115.33,419.67,1896,False,11.21
2024-10-18,Social Media Management,179.16,176.52,125.13,287.3,5330,False,-8.22
2024-10-18,Translation,80.38,75.24,32.97,162.94,11433,False,4.21
2024-10-18,Video Production,274.56,273.23,189.51,442.27,1993,False,12.76
2024-10-18,Virtual Assistant,44.75,45.65,28.92,58.44,6017,False,4.83
2024-10-18,Web Development,433.46,417.19,229.62,793.39,2912,False,5.79
2024-10-19,AI/ML Development,682.71,631.41,425.33,1029.48,1893,False,9.57
2024-10-19,Content Writing,53.51,49.46,30.23,87.32,3447,False,-10.17
2024-10-19,Data Analysis,348.13,332.01,186.79,623.09,2804,False,14.81
2024-10-19,Financial Modeling,391.79,384.88,154.17,648.47,1636,False,-7.05
2024-10-19,Graphic Design,100.93,93.52,54.03,140.57,4966,False,-11.43
2024-10-19,Legal Consulting,659.14,697.11,440.82,943.7,444,False,-13.43
2024-10-19,Mobile App,565.44,600.52,300.72,786.29,1924,False,0.89
2024-10-19,Music Production,202.77,195.63,86.62,347.93,1893,False,11.99
2024-10-19,Photography,140.16,147.61,96.36,182.77,2608,False,-1.52
2024-10-19,SEO/SEM,249.96,260.13,123.06,456.04,3897,False,-6.33
2024-10-19,Social Media Management,193.85,186.94,79.48,295.85,3146,False,11.83
2024-10-19,Translation,65.5,61.97,41.63,98.03,7115,False,-12.66
2024-10-19,Video Production,331.2,338.7,229.46,490.78,1346,False,32.74
2024-10-19,Virtual Assistant,44.09,42.67,18.22,96.02,7104,False,15.9
2024-10-19,Web Development,398.88,416.29,229.84,666.47,4078,False,6.9
2024-10-20,AI/ML Development,714.6,754.26,371.06,1081.52,2571,False,10.63
2024-10-20,Content Writing,60.73,59.7,27.36,120.19,5049,False,10.82
2024-10-20,Data Analysis,301.41,288.38,195.5,412.99,5431,False,-3.25
2024-10-20,Financial Modeling,445.98,446.44,231.76,705.09,801,False,-18.93
2024-10-20,Graphic Design,99.47,94.49,46.08,152.28,6476,False,-13.46
2024-10-20,Legal Consulting,723.83,767.49,373.68,1160.52,1095,False,15.46
2024-10-20,Mobile App,568.11,592.49,240.56,1100.18,2304,False,-4.67
2024-10-20,Music Production,160.22,154.61,70.44,339.38,2027,False,-23.64
2024-10-20,Photography,149.67,138.34,106.76,212.59,2209,False,17.53
2024-10-20,SEO/SEM,211.53,209.27,123.04,338.4,3301,False,-21.76
2024-10-20,Social Media Management,172.32,168.92,82.33,338.99,3726,False,-7.83
2024-10-20,Translation,71.66,73.92,51.12,103.47,4959,False,-2.41
2024-10-20,Video Production,251.96,246.47,181.81,367.9,1841,False,6.76
2024-10-20,Virtual Assistant,38.72,37.2,20.47,57.91,7506,False,-14.22
2024-10-20,Web Development,457.03,435.51,205.34,902.51,2275,False,-8.75
2024-10-21,AI/ML Development,628.73,604.06,390.25,1003.86,3230,False,-9.22
2024-10-21,Content Writing,53.44,54.08,36.62,71.09,6693,False,-1.18
2024-10-21,Data Analysis,325.91,320.91,131.04,724.38,3686,False,-3.71
2024-10-21,Financial Modeling,451.19,472.57,313.13,574.2,3363,False,-13.69
2024-10-21,Graphic Design,92.53,91.9,42.93,167.2,3579,False,-24.91
2024-10-21,Legal Consulting,793.88,749.63,418.66,1417.28,1461,False,4.5
2024-10-21,Mobile App,559.78,594.29,382.32,753.91,2912,False,5.75
2024-10-21,Music Production,181.33,179.35,89.03,270.06,2671,False,-8.93
2024-10-21,Photography,151.34,159.17,99.78,253.54,2849,False,4.29
2024-10-21,SEO/SEM,246.36,262.59,168.63,361.47,4506,False,15.71
2024-10-21,Social Media Management,178.77,185.88,78.49,351.57,4993,False,4.9
2024-10-21,Translation,64.42,63.4,40.51,92.83,7486,False,-4.52
2024-10-21,Video Production,263.17,270.86,156.86,405.29,3337,False,-4.09
2024-10-21,Virtual Assistant,43.03,44.5,25.97,73.29,5628,False,-23.73
2024-10-21,Web Development,351.83,378.57,211.04,631.52,3734,False,-19.97
2024-10-22,AI/ML Development,651.64,639.27,366.11,1211.28,1848,False,-6.37
2024-10-22,Content Writing,60.34,64.17,36.13,95.65,6295,False,-9.19
2024-10-22,Data Analysis,350.61,341.42,198.24,605.34,2375,False,12.88
2024-10-22,Financial Modeling,414.25,384.74,172.3,845.5,1191,False,-16.45
2024-10-22,Graphic Design,119.18,127.42,55.24,239.86,6847,False,16.31
2024-10-22,Legal Consulting,680.07,668.91,268.66,1222.6,1394,False,-23.25
2024-10-22,Mobile App,652.48,687.37,360.25,961.75,3659,False,27.71
2024-10-22,Music Production,206.03,210.29,148.82,316.21,1722,False,29.8
2024-10-22,Photography,127.71,121.69,70.78,243.59,3253,False,-14.17
2024-10-22,SEO/SEM,232.23,247.22,123.8,326.87,3451,False,16.63
2024-10-22,Social Media Management,137.61,131.02,84.33,184.21,3574,False,-14.24
2024-10-22,Translation,75.44,76.81,40.09,133.87,6544,False,3.29
2024-10-22,Video Production,276.58,273.96,181.15,362.43,1844,False,-8.24
2024-10-22,Virtual Assistant,41.93,40.88,20.19,66.92,4260,False,-2.26
2024-10-22,Web Development,447.92,478.48,181.03,908.31,3183,False,6.01
2024-10-23,AI/ML Development,701.43,664.62,278.96,1155.54,3183,False,13.94
2024-10-23,Content Writing,47.66,46.13,19.84,76.14,4295,False,-18.96
2024-10-23,Data Analysis,365.43,377.4,185.84,660.74,3529,False,16.09
2024-10-23,Financial Modeling,522.66,559.79,230.65,1089.39,1760,False,13.49
2024-10-23,Graphic Design,116.29,124.2,67.62,206.72,6302,False,27.39
2024-10-23,Legal Consulting,763.46,822.31,457.07,1200.95,629,False,0.87
2024-10-23,Mobile App,563.11,519.01,337.64,959.63,2016,False,-13.38
2024-10-23,Music Production,194.64,189.97,78.11,410.61,1316,False,-4.95
2024-10-23,Photography,165.54,176.07,71.86,282.0,2595,False,32.2
2024-10-23,SEO/SEM,223.48,236.06,138.32,319.0,3910,False,-12.79
2024-10-23,Social Media Management,143.16,145.62,79.24,254.8,7513,False,-10.05
2024-10-23,Translation,85.28,90.86,49.48,146.18,4887,False,24.77
2024-10-23,Video Production,309.8,309.6,121.27,480.48,981,False,10.24
2024-10-23,Virtual Assistant,48.58,51.17,30.73,68.33,4653,False,-12.97
2024-10-23,Web Development,467.45,452.42,231.55,847.86,4021,False,4.91
2024-10-24,AI/ML Development,760.52,807.94,298.52,1189.18,3268,False,28.8
2024-10-24,Content Writing,58.57,57.81,40.05,77.61,7909,False,-4.89
2024-10-24,Data Analysis,296.74,274.2,171.26,486.84,2721,False,1.18
2024-10-24,Financial Modeling,512.42,494.57,372.68,660.35,1307,False,26.7
2024-10-24,Graphic Design,98.44,96.41,47.31,179.2,3952,False,-8.5
2024-10-24,Legal Consulting,816.95,823.52,369.22,1311.44,512,False,25.7
2024-10-24,Mobile App,630.97,664.13,343.26,1131.13,2223,False,9.65
2024-10-24,Music Production,186.39,183.56,130.31,255.84,1300,False,-5.94
2024-10-24,Photography,147.32,151.45,71.09,279.87,2451,False,9.47
2024-10-24,SEO/SEM,258.54,253.36,144.39,477.46,2085,False,-5.68
2024-10-24,Social Media Management,147.82,155.32,60.9,253.22,6049,False,-15.15
2024-10-24,Translation,67.24,63.95,35.24,130.92,4635,False,-9.96
2024-10-24,Video Production,263.96,265.91,175.81,350.64,2584,False,-14.38
2024-10-24,Virtual Assistant,52.94,48.97,25.32,85.86,5324,False,12.09
2024-10-24,Web Development,440.73,450.56,187.82,680.03,2352,False,1.73
2024-10-25,AI/ML Development,747.1,786.14,435.5,1221.29,2624,False,25.38
2024-10-25,Content Writing,49.16,52.45,29.82,87.98,13259,False,-19.69
2024-10-25,Data Analysis,297.17,274.16,133.02,579.47,2311,False,-3.19
2024-10-25,Financial Modeling,476.35,480.96,252.11,854.52,1371,False,2.75
2024-10-25,Graphic Design,107.76,107.38,78.92,147.18,7090,False,-0.65
2024-10-25,Legal Consulting,675.28,701.06,375.38,1202.61,1016,False,-7.51
2024-10-25,Mobile App,465.46,455.18,286.21,697.62,2762,False,-19.59
2024-10-25,Music Production,210.01,194.06,98.82,345.37,3034,False,10.35
2024-10-25,Photography,144.09,149.4,94.7,188.2,2721,False,14.37
2024-10-25,SEO/SEM,218.15,211.36,114.82,331.14,5807,False,-7.75
2024-10-25,Social Media Management,199.23,183.58,105.94,330.65,3778,False,11.2
2024-10-25,Translation,82.45,80.07,54.8,113.6,5406,False,2.58
2024-10-25,Video Production,288.5,275.77,187.34,448.93,1349,False,5.08
2024-10-25,Virtual Assistant,50.55,49.27,21.34,90.83,4870,False,12.96
2024-10-25,Web Development,399.08,407.14,194.14,675.76,3126,False,-7.93
2024-10-26,AI/ML Development,758.99,706.76,529.65,973.85,3466,False,11.17
2024-10-26,Content Writing,60.03,63.07,36.32,80.62,12982,False,12.18
2024-10-26,Data Analysis,320.48,341.75,147.83,617.13,5779,False,-7.94
2024-10-26,Financial Modeling,426.5,441.74,165.68,674.91,981,False,8.86
2024-10-26,Graphic Design,92.68,95.06,56.47,152.87,5665,False,-8.17
2024-10-26,Legal Consulting,768.81,816.27,472.32,1257.64,820,False,16.64
2024-10-26,Mobile App,531.81,507.49,236.59,956.46,2449,False,-5.95
2024-10-26,Music Production,175.5,179.22,102.52,303.98,1488,False,-13.45
2024-10-26,Photography,141.36,150.87,82.53,226.24,2553,False,0.86
2024-10-26,SEO/SEM,221.45,237.93,105.72,331.56,2869,False,-11.41
2024-10-26,Social Media Management,179.06,187.92,124.51,271.41,4618,False,-7.63
2024-10-26,Translation,89.89,83.74,49.38,123.51,8958,False,37.24
2024-10-26,Video Production,255.24,271.18,119.88,408.74,1176,False,-22.93
2024-10-26,Virtual Assistant,43.58,40.78,23.86,74.47,4491,False,-1.16
2024-10-26,Web Development,467.72,444.37,281.76,822.95,5378,False,17.26
2024-10-27,AI/ML Development,675.84,706.16,481.06,1043.2,4230,False,-5.42
2024-10-27,Content Writing,65.92,68.13,39.82,99.0,6165,False,8.55
2024-10-27,Data Analysis,362.81,352.51,217.31,515.94,4033,False,20.37
2024-10-27,Financial Modeling,451.79,419.12,233.45,771.69,775,False,1.3
2024-10-27,Graphic Design,95.33,87.96,39.55,144.01,6847,False,-4.16
2024-10-27,Legal Consulting,751.28,698.73,446.57,1062.57,831,False,3.79
2024-10-27,Mobile App,517.28,490.35,331.31,688.11,2497,False,-8.95
2024-10-27,Music Production,179.96,184.71,73.05,357.67,2273,False,12.32
2024-10-27,Photography,113.47,115.64,80.39,181.03,3087,False,-24.19
2024-10-27,SEO/SEM,226.31,225.55,92.34,486.46,5021,False,6.99
2024-10-27,Social Media Management,155.51,158.17,112.63,191.18,7955,False,-9.76
2024-10-27,Translation,,74.78,39.7,140.21,5316,False,2.4
2024-10-27,Video Production,259.73,274.4,115.93,413.58,2672,False,3.08
2024-10-27,Virtual Assistant,42.64,45.34,23.36,78.92,5932,False,10.12
2024-10-27,Web Development,379.38,394.7,160.41,603.3,2431,False,-16.99
2024-10-28,AI/ML Development,617.15,613.15,358.52,1024.04,1545,False,-1.84
2024-10-28,Content Writing,52.93,52.49,24.04,99.86,7726,False,-0.95
2024-10-28,Data Analysis,353.21,354.34,255.04,484.3,3416,False,8.38
2024-10-28,Financial Modeling,437.54,434.78,278.59,589.58,1018,False,-3.03
2024-10-28,Graphic Design,97.51,91.58,61.62,154.01,5191,False,5.38
2024-10-28,Legal Consulting,625.82,589.85,277.5,1159.49,811,False,-21.17
2024-10-28,Mobile App,551.25,518.81,226.29,1197.06,4298,False,-1.52
2024-10-28,Music Production,204.85,201.24,98.11,366.92,2757,False,12.97
2024-10-28,Photography,136.7,146.8,66.47,272.65,5757,False,-9.67
2024-10-28,SEO/SEM,230.32,226.02,91.73,347.88,3275,False,-6.51
2024-10-28,Social Media Management,155.6,159.74,76.9,306.78,1558,False,-12.96
2024-10-28,Translation,76.64,72.22,30.84,130.68,5172,False,18.97
2024-10-28,Video Production,278.6,294.79,107.56,507.09,2767,False,5.86
2024-10-28,Virtual Assistant,47.72,48.43,30.34,78.59,7568,False,10.9
2024-10-28,Web Development,451.51,429.93,277.79,698.33,4503,False,28.33
2024-10-29,AI/ML Development,626.4,584.55,252.12,1338.19,2141,False,-3.87
2024-10-29,Content Writing,62.22,65.47,41.58,86.73,13781,False,3.12
2024-10-29,Data Analysis,316.05,325.03,131.95,555.61,6635,False,-9.86
2024-10-29,Financial Modeling,418.82,397.42,192.64,662.41,1486,False,1.1
2024-10-29,Graphic Design,108.14,100.85,66.85,179.73,5946,False,-9.26
2024-10-29,Legal Consulting,645.24,619.3,465.27,875.36,682,False,-5.12
2024-10-29,Mobile App,522.13,497.01,233.99,1017.49,2815,False,-19.98
2024-10-29,Music Production,188.72,178.29,102.71,358.55,752,False,-8.4
2024-10-29,Photography,163.34,163.84,112.66,231.75,2771,False,27.9
2024-10-29,SEO/SEM,201.78,195.65,131.85,276.14,3966,False,-13.11
2024-10-29,Social Media Management,177.37,188.17,126.63,226.33,4814,False,28.89
2024-10-29,Translation,73.75,72.68,47.67,97.64,4433,False,-2.24
2024-10-29,Video Production,253.61,242.6,117.84,530.85,3199,False,-8.31
2024-10-29,Virtual Assistant,40.82,37.87,22.16,74.93,7193,False,-2.65
2024-10-29,Web Development,444.63,438.78,291.84,620.32,5483,False,-0.73
2024-10-30,AI/ML Development,627.45,654.82,406.99,1000.13,3022,False,-10.55
2024-10-30,Content Writing,53.42,49.91,23.11,103.37,11819,False,12.09
2024-10-30,Data Analysis,388.37,396.53,183.32,729.23,2656,False,6.28
2024-10-30,Financial Modeling,478.1,480.8,351.82,676.78,1252,False,-8.53
2024-10-30,Graphic Design,110.12,109.45,59.48,156.34,7918,False,-5.31
2024-10-30,Legal Consulting,731.53,757.65,377.42,1203.36,437,False,-4.18
2024-10-30,Mobile App,514.63,546.31,330.96,815.11,2462,False,-8.61
2024-10-30,Music Production,169.82,182.18,66.32,276.34,2465,False,-12.75
2024-10-30,Photography,132.43,142.43,74.02,244.59,1898,False,-20.0
2024-10-30,SEO/SEM,235.33,224.25,92.51,436.8,2403,False,5.3
2024-10-30,Social Media Management,171.47,174.54,111.05,285.06,8437,False,19.78
2024-10-30,Translation,71.43,76.63,50.21,89.46,7132,False,-16.24
2024-10-30,Video Production,312.95,337.17,134.02,579.83,1693,False,1.02
2024-10-30,Virtual Assistant,42.57,44.3,26.91,68.5,6573,False,-12.37
2024-10-30,Web Development,381.45,403.04,266.31,566.39,4228,False,-18.4
2024-10-31,AI/ML Development,662.32,679.32,275.94,1251.29,2309,False,-12.91
2024-10-31,Content Writing,54.85,52.97,39.81,67.93,9560,False,-6.35
2024-10-31,Data Analysis,326.09,338.95,160.63,607.68,5639,False,9.89
2024-10-31,Financial Modeling,446.26,479.06,247.62,808.33,907,False,-12.91
2024-10-31,Graphic Design,90.07,90.58,66.25,110.75,3316,False,-8.5
2024-10-31,Legal Consulting,709.27,764.68,279.5,1173.2,895,False,-13.18
2024-10-31,Mobile App,590.63,597.56,335.26,991.52,2093,False,-6.39
2024-10-31,Music Production,187.54,202.18,100.68,312.22,2024,False,0.62
2024-10-31,Photography,142.24,134.8,76.87,266.24,2110,False,-3.45
2024-10-31,SEO/SEM,244.43,246.58,147.15,353.83,3673,False,-5.46
2024-10-31,Social Media Management,170.9,184.37,83.9,270.77,6206,False,15.61
2024-10-31,Translation,84.51,85.31,33.79,178.74,7967,False,25.68
2024-10-31,Video Production,280.58,286.59,139.12,425.1,1779,False,6.3
2024-10-31,Virtual Assistant,49.31,50.73,35.53,75.29,7820,False,-6.86
2024-10-31,Web Development,398.83,409.06,276.97,558.12,4509,False,-9.51
2024-11-01,AI/ML Development,729.18,748.71,415.42,1268.6,2464,False,-2.4
2024-11-01,Content Writing,58.59,57.85,31.75,103.15,7224,False,19.18
2024-11-01,Data Analysis,312.36,327.58,220.93,490.74,5310,False,5.11
2024-11-01,Financial Modeling,436.53,443.82,201.14,798.13,1322,False,-8.36
2024-11-01,Graphic Design,122.19,125.17,71.69,220.87,4571,False,13.39
2024-11-01,Legal Consulting,743.35,780.42,330.63,1211.2,670,False,10.08
2024-11-01,Mobile App,549.88,561.91,244.59,1135.04,1178,False,18.14
2024-11-01,Music Production,154.31,142.72,60.7,253.12,1696,False,-26.52
2024-11-01,Photography,137.47,128.87,89.14,180.15,2131,False,-4.59
2024-11-01,SEO/SEM,233.17,214.71,94.67,395.89,4153,False,6.89
2024-11-01,Social Media Management,172.27,174.9,93.08,309.11,4413,False,-13.53
2024-11-01,Translation,66.98,72.21,40.43,110.32,3944,False,-18.76
2024-11-01,Video Production,262.33,275.29,141.4,462.35,3202,False,-9.07
2024-11-01,Virtual Assistant,45.58,46.13,18.33,98.29,6045,False,-9.83
2024-11-01,Web Development,362.84,335.57,175.74,714.11,3591,False,-9.08
2024-11-02,AI/ML Development,605.1,571.62,265.28,946.17,4170,False,-20.28
2024-11-02,Content Writing,54.23,56.48,21.19,83.6,9142,False,-9.66
2024-11-02,Data Analysis,325.41,326.21,232.02,402.27,3022,False,1.54
2024-11-02,Financial Modeling,483.65,494.14,281.81,688.16,1039,False,13.4
2024-11-02,Graphic Design,113.42,121.59,63.72,190.0,5599,False,22.38
2024-11-02,Legal Consulting,772.14,756.19,300.92,1659.9,845,False,0.43
2024-11-02,Mobile App,569.35,531.79,251.21,1015.88,2272,False,7.06
2024-11-02,Music Production,192.68,188.05,118.71,315.98,2108,False,9.79
2024-11-02,Photography,138.21,137.7,89.46,229.15,2011,False,-2.23
2024-11-02,SEO/SEM,201.64,203.55,139.13,286.69,2591,False,-8.95
2024-11-02,Social Media Management,183.56,186.64,86.15,346.2,2241,False,2.51
2024-11-02,Translation,69.23,70.2,38.52,120.26,3428,False,-22.98
2024-11-02,Video Production,314.32,327.32,183.08,576.58,988,False,23.15
2024-11-02,Virtual Assistant,47.65,44.0,31.47,72.42,7433,False,9.34
2024-11-02,Web Development,407.54,428.99,228.91,602.87,5593,False,-12.87
2024-11-03,AI/ML Development,644.67,595.89,418.55,1051.58,2306,False,-4.61
2024-11-03,Content Writing,53.7,51.98,28.27,88.99,12024,False,-18.54
2024-11-03,Data Analysis,328.58,340.83,168.81,605.58,1744,False,-9.43
2024-11-03,Financial Modeling,402.33,374.72,232.39,644.88,1618,False,-10.95
2024-11-03,Graphic Design,111.54,116.4,47.07,175.87,7224,False,17.0
2024-11-03,Legal Consulting,785.97,760.01,359.08,1199.93,2077,False,4.62
2024-11-03,Mobile App,504.09,536.83,224.86,932.95,4544,False,-2.55
2024-11-03,Music Production,185.0,181.9,122.46,266.38,1391,False,2.8
2024-11-03,Photography,136.7,133.69,78.91,192.26,3210,False,20.47
2024-11-03,SEO/SEM,241.09,260.08,165.78,363.36,3945,False,6.53
2024-11-03,Social Media Management,149.25,152.26,64.03,229.71,3036,False,-4.03
2024-11-03,Translation,68.38,73.24,33.08,103.65,7028,False,-6.81
2024-11-03,Video Production,290.95,296.28,137.21,524.5,1604,False,12.02
2024-11-03,Virtual Assistant,45.99,47.67,20.33,86.57,7267,False,7.86
2024-11-03,Web Development,370.33,351.68,150.69,733.08,7313,False,-2.39
2024-11-04,AI/ML Development,717.51,771.01,275.88,1604.59,3139,False,16.26
2024-11-04,Content Writing,64.31,68.48,34.94,99.65,6680,False,21.5
2024-11-04,Data Analysis,384.77,398.28,252.12,573.29,2961,False,8.94
2024-11-04,Financial Modeling,492.66,505.73,215.05,895.02,1441,False,12.6
2024-11-04,Graphic Design,108.82,111.43,69.55,176.86,6785,False,11.6
2024-11-04,Legal Consulting,800.97,863.86,400.63,1605.93,692,False,27.99
2024-11-04,Mobile App,479.87,506.75,205.75,968.58,1901,False,-12.95
2024-11-04,Music Production,193.23,201.35,126.85,265.8,2020,False,-5.67
2024-11-04,Photography,155.83,158.77,97.6,263.44,2051,False,13.99
2024-11-04,SEO/SEM,218.73,228.35,148.41,345.78,3519,False,-5.03
2024-11-04,Social Media Management,159.13,159.32,91.92,218.59,5345,False,2.27
2024-11-04,Translation,69.17,74.3,29.96,113.49,10991,False,-9.75
2024-11-04,Video Production,273.01,284.92,144.37,468.9,1251,False,-2.01
2024-11-04,Virtual Assistant,49.87,51.8,30.57,69.2,6298,False,4.51
2024-11-04,Web Development,440.46,458.74,239.21,658.88,5436,False,-2.45
2024-11-05,AI/ML Development,577.46,531.28,278.46,880.89,1903,False,-7.81
2024-11-05,Content Writing,55.8,58.14,24.4,117.94,7384,False,-10.32
2024-11-05,Data Analysis,380.3,378.29,257.63,625.69,3942,False,20.33
2024-11-05,Financial Modeling,500.36,508.72,335.56,637.98,1426,False,19.47
2024-11-05,Graphic Design,108.04,107.82,62.76,155.8,5568,False,-0.09
2024-11-05,Legal Consulting,812.81,818.08,356.96,1491.99,747,False,25.97
2024-11-05,Mobile App,546.88,587.41,312.89,992.87,3363,False,4.74
2024-11-05,Music Production,209.36,206.61,95.69,346.87,2294,False,10.94
2024-11-05,Photography,117.22,111.77,74.13,168.12,2127,False,-28.24
2024-11-05,SEO/SEM,205.56,221.2,86.14,334.61,3231,False,1.87
2024-11-05,Social Media Management,157.25,164.78,94.65,273.52,3156,False,-11.34
2024-11-05,Translation,75.9,81.92,44.92,120.21,4005,False,2.92
2024-11-05,Video Production,303.04,320.69,182.93,465.77,2828,False,19.49
2024-11-05,Virtual Assistant,43.21,46.42,19.16,68.41,4289,False,5.85
2024-11-05,Web Development,451.37,471.3,229.14,842.64,3481,False,1.52
2024-11-06,AI/ML Development,578.48,555.67,382.37,826.82,2172,False,-7.8
2024-11-06,Content Writing,57.0,53.02,27.38,115.8,9825,False,6.7
2024-11-06,Data Analysis,338.48,354.18,248.3,476.26,4680,False,-12.85
2024-11-06,Financial Modeling,501.86,506.76,308.18,682.56,1777,False,4.97
2024-11-06,Graphic Design,117.14,108.19,75.58,195.26,11916,False,6.37
2024-11-06,Legal Consulting,819.71,858.6,319.14,1284.65,720,False,12.05
2024-11-06,Mobile App,585.42,563.58,226.48,999.31,2688,False,13.76
2024-11-06,Music Production,214.44,222.87,155.23,284.7,1128,False,26.27
2024-11-06,Photography,139.69,142.98,92.2,221.83,2315,False,5.48
2024-11-06,SEO/SEM,237.27,237.79,97.77,469.89,2623,False,0.82
2024-11-06,Social Media Management,175.99,172.01,117.82,242.72,6305,False,2.64
2024-11-06,Translation,80.93,75.1,43.6,133.15,3948,False,13.3
2024-11-06,Video Production,261.93,276.62,109.41,448.09,1425,False,-16.3
2024-11-06,Virtual Assistant,51.71,48.06,23.84,81.06,8766,False,21.47
2024-11-06,Web Development,412.33,410.73,159.56,774.39,3465,False,8.1
2024-11-07,AI/ML Development,714.19,728.55,493.41,1080.28,1541,False,7.83
2024-11-07,Content Writing,49.4,51.25,26.07,83.54,8921,False,-9.94
2024-11-07,Data Analysis,303.87,290.75,145.82,576.05,10606,False,-6.81
2024-11-07,Financial Modeling,416.88,446.72,196.0,797.76,677,False,-6.58
2024-11-07,Graphic Design,119.92,123.87,59.29,239.48,5896,False,33.14
2024-11-07,Legal Consulting,685.55,658.01,413.34,1017.07,1051,False,-3.34
2024-11-07,Mobile App,523.1,526.58,366.12,836.41,3356,False,-11.43
2024-11-07,Music Production,190.3,181.48,109.08,352.2,2013,False,1.47
2024-11-07,Photography,155.9,157.41,107.2,222.42,2852,False,9.6
2024-11-07,SEO/SEM,253.68,241.94,129.82,468.44,2894,False,3.78
2024-11-07,Social Media Management,139.83,150.16,65.8,232.4,1796,False,-18.18
2024-11-07,Translation,65.05,64.19,41.94,92.16,6436,False,-23.03
2024-11-07,Video Production,249.04,241.49,133.75,407.48,3371,False,-11.24
2024-11-07,Virtual Assistant,52.59,48.61,38.64,69.33,4842,False,6.65
2024-11-07,Web Development,443.81,419.62,213.14,773.04,2354,False,11.28
2024-11-08,AI/ML Development,719.1,771.92,482.38,977.47,1638,False,-1.38
2024-11-08,Content Writing,65.23,63.89,34.72,97.58,9724,False,11.33
2024-11-08,Data Analysis,341.42,335.55,180.54,563.45,6091,False,9.3
2024-11-08,Financial Modeling,420.17,419.66,246.41,711.41,1536,False,-3.75
2024-11-08,Graphic Design,105.08,110.79,61.83,164.58,7067,False,-14.0
2024-11-08,Legal Consulting,677.06,637.64,371.63,1170.11,815,False,-8.92
2024-11-08,Mobile App,540.18,515.13,301.29,766.89,2724,False,-1.76
2024-11-08,Music Production,195.69,208.15,78.91,433.96,2284,False,26.82
2024-11-08,Photography,122.89,115.42,69.19,182.56,2910,False,-10.61
2024-11-08,SEO/SEM,255.92,265.54,133.9,434.67,6394,False,9.76
2024-11-08,Social Media Management,152.84,159.14,109.52,218.88,3085,False,-11.28
2024-11-08,Translation,72.51,73.69,32.55,118.28,3117,False,8.26
2024-11-08,Video Production,279.05,295.17,166.65,477.09,2028,False,6.37
2024-11-08,Virtual Assistant,38.83,40.29,23.3,59.86,8106,False,-14.81
2024-11-08,Web Development,397.54,387.3,272.76,527.97,7996,False,9.56
2024-11-09,AI/ML Development,582.56,582.09,235.92,932.15,1985,False,-3.73
2024-11-09,Content Writing,62.88,58.1,42.29,82.93,9111,False,15.95
2024-11-09,Data Analysis,273.47,251.75,174.39,467.61,3883,False,-15.96
2024-11-09,Financial Modeling,472.42,498.85,320.64,730.15,1275,False,-2.32
2024-11-09,Graphic Design,113.36,110.85,57.85,205.6,9255,False,-0.05
2024-11-09,Legal Consulting,738.33,779.63,468.36,1285.36,1254,False,-4.38
2024-11-09,Mobile App,552.05,580.58,218.77,933.31,4834,False,-3.04
2024-11-09,Music Production,200.46,195.75,130.44,297.3,1594,False,4.04
2024-11-09,Photography,152.25,144.38,73.8,294.21,2410,False,10.16
2024-11-09,SEO/SEM,234.28,243.87,128.67,377.45,2517,False,16.19
2024-11-09,Social Media Management,144.53,136.36,62.95,296.42,3033,False,-21.26
2024-11-09,Translation,71.9,74.86,39.13,128.25,5651,False,3.86
2024-11-09,Video Production,317.93,309.21,227.27,461.38,2577,False,1.15
2024-11-09,Virtual Assistant,49.83,49.3,20.21,86.7,7256,False,4.58
2024-11-09,Web Development,421.28,403.42,279.74,614.35,4423,False,3.37
2024-11-10,AI/ML Development,688.19,708.37,361.56,1257.22,2224,False,6.75
2024-11-10,Content Writing,57.91,53.64,34.62,103.36,8769,False,7.84
2024-11-10,Data Analysis,326.68,325.52,153.51,664.23,5085,False,-0.58
2024-11-10,Financial Modeling,492.11,477.71,259.54,742.67,1239,False,22.32
2024-11-10,Graphic Design,101.88,105.68,51.12,155.67,5580,False,-8.66
2024-11-10,Legal Consulting,747.08,798.69,424.39,1380.11,680,False,-4.95
2024-11-10,Mobile App,543.01,551.65,387.23,803.45,2990,False,7.72
2024-11-10,Music Production,190.19,197.1,95.62,329.27,1668,False,2.81
2024-11-10,Photography,139.68,138.9,87.34,208.39,2494,False,2.18
2024-11-10,SEO/SEM,234.49,230.29,117.92,402.32,4938,False,-2.74
2024-11-10,Social Media Management,148.69,149.02,102.76,204.91,3814,False,-0.38
2024-11-10,Translation,71.18,70.73,44.54,99.57,2679,False,4.09
2024-11-10,Video Production,293.33,298.99,199.87,408.32,1338,False,0.82
2024-11-10,Virtual Assistant,47.08,50.14,25.05,85.63,5306,False,2.37
2024-11-10,Web Development,355.41,366.6,254.28,480.59,6983,False,-4.03
2024-11-11,AI/ML Development,625.65,654.84,422.52,962.5,2976,False,-12.8
2024-11-11,Content Writing,57.9,56.34,22.62,92.32,10303,False,-9.97
2024-11-11,Data Analysis,296.78,275.91,207.13,469.35,4587,False,-22.87
2024-11-11,Financial Modeling,437.95,411.81,290.33,621.93,665,False,-11.11
2024-11-11,Graphic Design,113.57,111.44,74.71,179.56,4414,False,4.37
2024-11-11,Legal Consulting,705.84,651.95,298.05,1381.55,1058,False,-11.88
2024-11-11,Mobile App,540.96,538.49,258.2,834.61,2607,False,12.73
2024-11-11,Music Production,199.96,190.17,145.47,251.24,2231,False,3.48
2024-11-11,Photography,136.86,147.38,89.86,178.61,3073,False,-12.17
2024-11-11,SEO/SEM,241.46,233.78,128.49,399.47,1913,False,10.39
2024-11-11,Social Media Management,157.22,154.51,100.9,253.3,3958,False,-1.2
2024-11-11,Translation,69.0,64.23,28.68,150.26,5311,False,-0.25
2024-11-11,Video Production,282.63,284.72,163.38,480.42,2636,False,3.52
2024-11-11,Virtual Assistant,50.92,48.96,24.67,74.12,5463,False,2.11
2024-11-11,Web Development,403.57,373.01,203.26,645.43,6741,False,-8.38
2024-11-12,AI/ML Development,590.87,629.5,256.85,1242.2,2736,False,2.32
2024-11-12,Content Writing,65.05,61.03,44.21,93.33,6775,False,16.58
2024-11-12,Data Analysis,373.2,402.33,158.53,743.88,8355,False,-1.87
2024-11-12,Financial Modeling,485.3,476.38,190.38,1015.5,1436,False,-3.01
2024-11-12,Graphic Design,110.76,102.88,74.73,171.87,6774,False,2.52
2024-11-12,Legal Consulting,797.4,827.75,343.58,1459.77,701,False,-1.9
2024-11-12,Mobile App,534.27,545.69,265.14,919.99,1585,False,-2.31
2024-11-12,Music Production,195.83,192.84,109.93,322.21,879,False,-6.46
2024-11-12,Photography,138.79,141.07,65.96,205.43,3163,False,18.4
2024-11-12,SEO/SEM,222.09,222.69,98.56,363.25,2201,False,8.04
2024-11-12,Social Media Management,165.32,168.28,81.3,287.9,5442,False,5.13
2024-11-12,Translation,78.71,82.99,50.86,101.64,4185,False,3.7
2024-11-12,Video Production,270.35,267.78,169.09,419.24,1296,False,-10.79
2024-11-12,Virtual Assistant,45.61,44.06,23.82,64.88,6354,False,5.55
2024-11-12,Web Development,458.24,426.46,186.63,883.62,8159,False,1.52
2024-11-13,AI/ML Development,699.89,690.85,466.79,1097.85,2067,False,20.99
2024-11-13,Content Writing,56.78,52.6,28.93,112.71,4554,False,-0.39
2024-11-13,Data Analysis,297.12,288.51,178.73,535.87,3023,False,-12.22
2024-11-13,Financial Modeling,517.81,543.77,350.66,808.07,1168,False,3.18
2024-11-13,Graphic Design,96.73,91.04,38.68,147.88,11960,False,-17.42
2024-11-13,Legal Consulting,724.86,722.51,445.09,1241.52,575,False,-11.57
2024-11-13,Mobile App,621.77,632.91,419.39,998.4,4802,False,6.21
2024-11-13,Music Production,208.66,213.69,90.07,315.49,2071,False,-2.7
2024-11-13,Photography,162.1,172.44,82.44,324.51,3561,False,16.04
2024-11-13,SEO/SEM,232.67,217.9,115.76,375.45,2120,False,-1.94
2024-11-13,Social Media Management,162.37,174.75,74.03,277.45,6879,False,-7.74
2024-11-13,Translation,76.95,79.16,41.21,113.82,6364,False,-4.92
2024-11-13,Video Production,252.49,260.32,175.16,395.98,1517,False,-3.6
2024-11-13,Virtual Assistant,42.44,43.15,23.46,58.86,6839,False,-17.93
2024-11-13,Web Development,387.81,417.76,281.07,559.02,4221,False,-5.95
2024-11-14,AI/ML Development,701.74,669.23,348.13,1120.18,2828,False,-1.74
2024-11-14,Content Writing,61.89,63.23,39.58,90.63,11805,False,25.28
2024-11-14,Data Analysis,309.23,302.05,185.95,542.67,5359,False,1.76
2024-11-14,Financial Modeling,524.71,563.77,327.19,779.61,1504,False,25.87
2024-11-14,Graphic Design,104.46,112.31,54.53,167.78,6354,False,-12.89
2024-11-14,Legal Consulting,687.28,703.7,385.96,1071.33,508,False,0.25
2024-11-14,Mobile App,542.22,537.18,316.19,953.09,2216,False,3.66
2024-11-14,Music Production,187.74,190.38,90.53,357.7,890,False,-1.35
2024-11-14,Photography,139.69,130.47,75.22,237.13,2875,False,-10.4
2024-11-14,SEO/SEM,208.47,207.23,135.73,322.6,2612,False,-17.82
2024-11-14,Social Media Management,154.87,162.05,92.14,282.79,5089,False,10.76
2024-11-14,Translation,74.08,72.68,41.68,125.3,7225,False,13.88
2024-11-14,Video Production,301.7,307.82,172.03,526.13,3178,False,21.15
2024-11-14,Virtual Assistant,48.98,45.96,34.19,77.81,5418,False,-6.86
2024-11-14,Web Development,395.38,420.07,163.92,709.63,2824,False,-10.91
2024-11-15,AI/ML Development,693.84,643.84,351.49,1200.56,2143,False,-3.51
2024-11-15,Content Writing,49.11,51.66,33.2,66.11,9147,False,-24.71
2024-11-15,Data Analysis,306.53,317.79,172.15,476.76,3569,False,-10.22
2024-11-15,Financial Modeling,518.25,529.73,226.74,1071.09,1892,False,23.34
2024-11-15,Graphic Design,93.76,89.27,41.86,174.76,4482,False,-10.77
2024-11-15,Legal Consulting,844.64,892.05,379.02,1378.52,982,False,24.75
2024-11-15,Mobile App,484.31,472.15,308.55,829.84,2209,False,-10.34
2024-11-15,Music Production,180.51,170.33,109.44,244.64,1272,False,-7.76
2024-11-15,Photography,147.21,155.75,100.99,193.24,1811,False,19.79
2024-11-15,SEO/SEM,233.94,228.14,107.84,410.01,4153,False,-8.59
2024-11-15,Social Media Management,181.8,176.8,130.55,285.58,3053,False,18.95
2024-11-15,Translation,75.07,75.2,48.56,99.56,9476,False,3.53
2024-11-15,Video Production,248.48,264.15,120.21,508.94,1626,False,-10.96
2024-11-15,Virtual Assistant,47.44,43.81,26.83,78.05,9005,False,22.17
2024-11-15,Web Development,452.27,449.71,229.78,821.18,5096,False,13.77
2024-11-16,AI/ML Development,746.65,700.74,432.69,1105.87,2683,False,28.17
2024-11-16,Content Writing,48.7,45.99,29.37,85.77,8625,False,-22.55
2024-11-16,Data Analysis,379.02,365.41,239.22,630.0,4406,False,38.6
2024-11-16,Financial Modeling,450.48,435.15,182.41,842.65,853,False,-4.64
2024-11-16,Graphic Design,117.27,108.31,60.9,202.48,2695,False,3.45
2024-11-16,Legal Consulting,667.81,700.74,409.66,1036.97,537,False,-9.55
2024-11-16,Mobile App,663.68,650.82,313.33,1360.31,2930,False,20.22
2024-11-16,Music Production,207.46,210.25,146.67,288.29,1887,False,3.49
2024-11-16,Photography,141.12,138.12,67.01,207.29,3500,False,-7.31
2024-11-16,SEO/SEM,200.82,194.96,107.95,312.32,4835,False,-14.28
2024-11-16,Social Media Management,174.77,188.66,122.61,231.65,4149,False,20.92
2024-11-16,Translation,72.17,72.38,49.23,106.58,4712,False,0.38
2024-11-16,Video Production,244.19,253.11,121.08,406.84,1646,False,-23.19
2024-11-16,Virtual Assistant,46.5,42.96,32.3,67.56,7891,False,-6.68
2024-11-16,Web Development,433.58,464.82,203.58,902.58,3885,False,2.92
2024-11-17,AI/ML Development,701.43,740.59,444.18,1147.26,1521,False,1.92
2024-11-17,Content Writing,54.16,54.32,34.6,83.11,11075,False,-6.48
2024-11-17,Data Analysis,357.92,335.31,255.47,531.04,2653,False,9.56
2024-11-17,Financial Modeling,396.56,380.63,154.26,603.83,1068,False,-19.42
2024-11-17,Graphic Design,99.08,96.56,70.35,130.88,6339,False,-2.75
2024-11-17,Legal Consulting,804.33,796.16,330.97,1352.6,1004,False,7.66
2024-11-17,Mobile App,457.7,486.68,311.44,663.76,2182,False,-15.71
2024-11-17,Music Production,173.54,175.28,101.19,306.02,992,False,-8.75
2024-11-17,Photography,137.71,137.4,74.4,234.94,2028,False,-1.41
2024-11-17,SEO/SEM,189.7,194.47,127.92,288.22,2201,False,-19.1
2024-11-17,Social Media Management,163.68,160.18,90.85,241.65,3301,False,10.08
2024-11-17,Translation,70.01,71.98,47.04,105.28,5170,False,-1.64
2024-11-17,Video Production,230.13,241.33,128.5,392.82,3660,False,-21.55
2024-11-17,Virtual Assistant,47.46,48.73,30.02,69.94,7758,False,0.81
2024-11-17,Web Development,441.86,437.65,174.37,829.66,9171,False,24.32
2024-11-18,AI/ML Development,539.92,581.62,250.08,1071.57,1416,False,-13.7
2024-11-18,Content Writing,60.33,55.79,41.84,85.92,7464,False,4.2
2024-11-18,Data Analysis,357.37,344.78,171.64,617.21,7407,False,20.42
2024-11-18,Financial Modeling,490.12,491.09,328.93,625.0,1060,False,11.91
2024-11-18,Graphic Design,117.59,110.9,56.1,240.84,4119,False,3.54
2024-11-18,Legal Consulting,720.42,740.92,472.81,1125.42,1192,False,2.07
2024-11-18,Mobile App,554.87,526.41,304.57,787.3,4812,False,2.57
2024-11-18,Music Production,196.23,202.25,94.39,379.48,1185,False,-1.87
2024-11-18,Photography,155.74,154.85,82.34,224.19,1701,False,13.8
2024-11-18,SEO/SEM,205.29,210.64,114.02,341.26,4543,False,-14.98
2024-11-18,Social Media Management,179.28,178.6,127.32,262.67,3711,False,14.03
2024-11-18,Translation,66.88,67.7,43.08,94.08,4599,False,-3.07
2024-11-18,Video Production,266.88,268.87,168.41,370.79,3500,False,-5.57
2024-11-18,Virtual Assistant,42.8,43.22,17.52,82.06,6196,False,-15.95
2024-11-18,Web Development,420.05,449.51,276.67,602.3,7316,False,4.08
2024-11-19,AI/ML Development,653.14,603.86,403.13,1121.61,4090,False,10.54
2024-11-19,Content Writing,65.66,64.26,34.66,113.01,7936,False,0.94
2024-11-19,Data Analysis,302.61,326.68,162.38,446.08,4781,False,-18.91
2024-11-19,Financial Modeling,393.27,366.52,204.44,701.61,1260,False,-18.96
2024-11-19,Graphic Design,104.52,102.92,62.14,171.14,7739,False,-5.63
2024-11-19,Legal Consulting,744.89,753.2,421.89,1315.3,641,False,-6.59
2024-11-19,Mobile App,548.73,517.07,272.57,889.59,1999,False,2.71
2024-11-19,Music Production,195.07,180.34,105.78,288.29,3130,False,-0.39
2024-11-19,Photography,134.18,126.89,55.88,266.38,5380,False,-3.32
2024-11-19,SEO/SEM,236.54,255.04,96.74,353.21,3082,False,6.51
2024-11-19,Social Media Management,168.3,157.89,97.22,289.51,3836,False,1.8
2024-11-19,Translation,85.12,80.92,33.61,132.35,5707,False,8.14
2024-11-19,Video Production,262.29,244.54,178.33,385.51,947,False,-2.98
2024-11-19,Virtual Assistant,41.2,38.89,22.25,63.03,6715,False,-9.67
2024-11-19,Web Development,357.95,384.51,259.07,470.22,3257,False,-21.89
2024-11-20,AI/ML Development,425.46,392.97,192.1,837.33,3153,True,-39.21
2024-11-20,Content Writing,44.89,46.55,22.82,78.5,5584,True,-20.94
2024-11-20,Data Analysis,212.11,209.94,125.37,358.85,5342,True,-28.61
2024-11-20,Financial Modeling,325.7,314.09,187.38,570.74,1397,True,-37.1
2024-11-20,Graphic Design,871.28,72.35,34.66,122.5,10181,True,-19.1
2024-11-20,Legal Consulting,503.25,502.23,354.78,781.06,721,True,-30.57
2024-11-20,Mobile App,440.97,469.67,240.5,760.69,2530,True,-29.08
2024-11-20,Music Production,139.85,130.67,88.55,228.75,1476,True,-32.98
2024-11-20,Photography,103.12,102.07,60.97,186.46,2066,True,-36.38
2024-11-20,SEO/SEM,155.21,143.33,113.88,207.96,3677,True,-33.29
2024-11-20,Social Media Management,129.16,136.53,76.11,218.41,7659,True,-20.45
2024-11-20,Translation,53.23,54.39,35.82,76.34,8178,True,-30.83
2024-11-20,Video Production,216.17,232.53,110.89,408.23,1758,True,-14.38
2024-11-20,Virtual Assistant,32.53,31.76,17.3,60.02,9779,True,-23.35
2024-11-20,Web Development,282.62,293.75,192.05,378.65,5241,True,-27.12
2024-11-21,AI/ML Development,395.52,367.9,197.48,623.99,2741,True,-43.64
2024-11-21,Content Writing,42.44,39.38,21.21,85.07,10232,True,-31.43
2024-11-21,Data Analysis,225.5,224.63,130.44,311.54,3786,True,-27.08
2024-11-21,Financial Modeling,381.9,366.11,204.75,683.84,1271,True,-27.22
2024-11-21,Graphic Design,71.34,70.83,51.06,111.07,7055,True,-31.71
2024-11-21,Legal Consulting,452.38,433.84,186.06,885.07,1183,True,-34.18
2024-11-21,Mobile App,399.28,419.07,165.49,813.27,2062,True,-26.36
2024-11-21,Music Production,144.1,144.59,99.23,194.19,1992,True,-23.24
2024-11-21,Photography,89.23,82.94,48.26,147.73,1903,True,-36.12
2024-11-21,SEO/SEM,148.4,149.37,87.26,202.89,3948,True,-28.81
2024-11-21,Social Media Management,107.73,109.29,43.96,190.52,2311,True,-30.44
2024-11-21,Translation,52.33,49.3,35.36,74.13,8997,True,-29.36
2024-11-21,Video Production,181.27,184.7,78.06,353.34,3305,True,-39.92
2024-11-21,Virtual Assistant,37.82,34.86,19.25,74.67,8953,True,-22.78
2024-11-21,Web Development,280.11,263.85,115.1,541.65,4481,True,-29.15
2024-11-22,AI/ML Development,501.29,509.6,254.61,942.36,2568,True,-27.75
2024-11-22,Content Writing,40.69,43.6,23.27,60.38,7488,True,-17.15
2024-11-22,Data Analysis,2694.67,199.13,141.04,313.04,2279,True,-31.29
2024-11-22,Financial Modeling,306.5,296.31,156.52,445.36,1670,True,-40.86
2024-11-22,Graphic Design,89.65,88.1,39.85,167.93,5765,True,-4.38
2024-11-22,Legal Consulting,556.33,593.91,333.82,775.46,690,True,-34.13
2024-11-22,Mobile App,397.71,383.12,191.1,649.08,2694,True,-17.88
2024-11-22,Music Production,119.3,115.56,84.35,183.1,1539,True,-33.91
2024-11-22,Photography,104.75,106.58,54.72,182.31,3377,True,-28.84
2024-11-22,SEO/SEM,160.98,161.41,85.16,253.51,3675,True,-31.19
2024-11-22,Social Media Management,114.06,104.98,46.59,242.39,2818,True,-37.26
2024-11-22,Translation,47.08,49.94,22.36,76.49,5610,True,-37.29
2024-11-22,Video Production,171.63,176.84,112.25,255.76,1798,True,-30.93
2024-11-22,Virtual Assistant,29.92,31.74,19.13,47.8,4788,True,-36.93
2024-11-22,Web Development,281.74,269.82,133.15,519.58,3658,True,-37.71
2024-11-23,AI/ML Development,519.23,526.79,277.97,941.85,2432,True,-30.46
2024-11-23,Content Writing,37.79,39.29,26.08,61.67,8491,True,-22.4
2024-11-23,Data Analysis,220.67,213.77,150.58,301.78,4425,True,-41.78
2024-11-23,Financial Modeling,354.84,340.7,153.68,555.35,1334,True,-21.23
2024-11-23,Graphic Design,69.76,65.51,48.39,99.3,8204,True,-40.51
2024-11-23,Legal Consulting,506.13,529.28,220.64,807.61,940,True,-24.21
2024-11-23,Mobile App,410.0,405.74,191.09,771.96,2114,True,-38.22
2024-11-23,Music Production,126.83,127.1,58.79,240.71,2749,True,-38.87
2024-11-23,Photography,114.19,112.89,69.51,184.83,2795,True,-19.08
2024-11-23,SEO/SEM,1465.04,184.09,121.93,235.67,3615,True,-12.93
2024-11-23,Social Media Management,118.71,120.14,52.29,181.85,3136,True,-32.08
2024-11-23,Translation,54.22,51.97,27.76,84.49,7797,True,-24.87
2024-11-23,Video Production,194.86,194.63,86.22,300.44,3019,True,-20.2
2024-11-23,Virtual Assistant,35.15,37.6,24.25,55.88,6481,True,-24.41
2024-11-23,Web Development,340.17,363.88,196.34,509.71,5287,True,-21.54
2024-11-24,AI/ML Development,504.14,518.08,312.25,736.66,2601,True,-28.13
2024-11-24,Content Writing,44.57,45.93,31.73,61.57,8463,True,-17.71
2024-11-24,Data Analysis,232.15,216.61,167.11,341.41,3473,True,-35.14
2024-11-24,Financial Modeling,334.96,348.89,209.95,577.18,1203,True,-15.53
2024-11-24,Graphic Design,81.34,76.6,33.91,167.6,4742,True,-17.9
2024-11-24,Legal Consulting,552.83,554.47,388.53,762.55,1115,True,-31.27
2024-11-24,Mobile App,408.11,399.8,287.86,524.64,1801,True,-10.83
2024-11-24,Music Production,152.71,161.74,90.25,223.36,1373,True,-12.0
2024-11-24,Photography,118.11,122.62,58.15,237.7,2835,True,-14.23
2024-11-24,SEO/SEM,173.15,174.4,88.13,263.21,3183,True,-8.72
2024-11-24,Social Media Management,124.3,123.39,85.12,173.84,5269,True,-24.06
2024-11-24,Translation,56.21,59.98,40.08,77.01,4071,True,-19.71
2024-11-24,Video Production,185.39,184.47,94.35,279.09,1802,True,-19.44
2024-11-24,Virtual Assistant,31.48,29.22,13.14,55.23,6823,True,-33.67
2024-11-24,Web Development,285.49,281.61,185.19,416.42,4375,True,-35.39
2024-11-25,AI/ML Development,471.91,470.63,325.53,739.62,2840,True,-12.6
2024-11-25,Content Writing,39.09,40.95,16.85,60.84,11533,True,-35.21
2024-11-25,Data Analysis,208.87,194.85,107.24,362.28,5577,True,-41.55
2024-11-25,Financial Modeling,329.34,355.39,208.21,489.99,1793,True,-32.8
2024-11-25,Graphic Design,70.05,64.95,44.13,96.59,2881,True,-40.43
2024-11-25,Legal Consulting,525.22,558.25,312.92,776.27,1029,True,-27.1
2024-11-25,Mobile App,370.16,366.56,201.45,659.5,2390,True,-33.29
2024-11-25,Music Production,124.33,125.51,68.89,235.28,3438,True,-36.64
2024-11-25,Photography,99.42,95.8,69.52,159.92,5546,True,-36.16
2024-11-25,SEO/SEM,173.82,176.56,66.79,262.57,3599,True,-15.33
2024-11-25,Social Media Management,118.7,125.03,55.19,186.22,4858,True,-33.79
2024-11-25,Translation,55.64,54.97,38.83,71.04,4732,True,-16.81
2024-11-25,Video Production,212.29,228.11,100.7,427.69,2442,True,-20.45
2024-11-25,Virtual Assistant,31.69,30.15,13.74,61.09,3283,True,-25.96
2024-11-25,Web Development,269.96,265.36,176.59,410.65,3582,True,-35.73
2024-11-26,AI/ML Development,413.09,389.59,183.2,656.59,2819,True,-36.75
2024-11-26,Content Writing,40.66,39.11,22.8,58.35,6937,True,-38.07
2024-11-26,Data Analysis,254.6,245.83,131.0,439.03,2194,True,-15.87
2024-11-26,Financial Modeling,318.28,292.95,170.42,485.5,1780,True,-19.07
2024-11-26,Graphic Design,78.43,83.11,43.79,115.64,7588,True,-24.96
2024-11-26,Legal Consulting,536.41,520.61,303.24,874.94,560,True,-27.99
2024-11-26,Mobile App,461.57,495.46,337.84,568.78,2386,True,-15.88
2024-11-26,Music Production,130.89,128.66,82.39,227.9,4646,True,-32.9
2024-11-26,Photography,90.63,95.91,63.93,130.05,1350,True,-32.46
2024-11-26,SEO/SEM,161.59,170.47,87.6,298.37,2394,True,-31.69
2024-11-26,Social Media Management,99.44,103.04,50.66,186.88,6324,True,-40.92
2024-11-26,Translation,58.46,62.86,29.06,115.4,4249,True,-31.32
2024-11-26,Video Production,169.29,159.97,117.85,249.39,2050,True,-35.46
2024-11-26,Virtual Assistant,31.18,28.85,20.1,40.95,6148,True,-24.32
2024-11-26,Web Development,301.36,316.48,218.17,411.14,4544,True,-15.81
2024-11-27,AI/ML Development,507.23,484.95,304.15,875.41,1171,True,19.22
2024-11-27,Content Writing,42.28,41.71,30.47,65.25,7353,True,-5.81
2024-11-27,Data Analysis,238.65,252.26,165.79,316.25,2805,True,12.51
2024-11-27,Financial Modeling,386.88,373.67,253.58,614.0,882,True,18.78
2024-11-27,Graphic Design,68.53,68.29,42.24,91.53,4238,True,-12.42
2024-11-27,Legal Consulting,606.95,651.79,253.72,1065.83,541,True,20.61
2024-11-27,Mobile App,412.53,420.92,180.2,797.32,2407,True,-6.45
2024-11-27,Music Production,132.51,137.02,56.82,198.49,1282,True,-5.25
2024-11-27,Photography,104.74,99.17,41.28,187.1,2152,True,1.57
2024-11-27,SEO/SEM,175.19,166.36,108.71,261.24,4598,True,12.87
2024-11-27,Social Media Management,117.82,124.07,76.7,152.73,3520,True,-8.78
2024-11-27,Translation,56.05,57.22,39.52,89.71,4062,True,5.3
2024-11-27,Video Production,184.28,179.93,100.41,273.29,1814,True,-14.75
2024-11-27,Virtual Assistant,38.37,38.7,19.7,54.04,5200,True,17.95
2024-11-27,Web Development,279.7,263.8,136.89,466.58,4722,True,-1.03
2024-11-28,AI/ML Development,505.74,478.61,326.72,848.78,2419,True,27.87
2024-11-28,Content Writing,45.87,43.95,26.88,74.18,6359,True,8.08
2024-11-28,Data Analysis,224.25,223.77,115.47,433.37,4661,True,-0.55
2024-11-28,Financial Modeling,357.6,370.11,247.57,506.97,1667,True,-6.36
2024-11-28,Graphic Design,82.73,81.2,49.33,151.05,6591,True,15.97
2024-11-28,Legal Consulting,534.26,547.32,390.43,672.8,1207,True,18.1
2024-11-28,Mobile App,332.1,344.25,182.3,599.94,2013,True,-16.83
2024-11-28,Music Production,127.61,119.97,56.23,216.62,2069,True,-11.44
2024-11-28,Photography,89.45,90.02,36.81,157.04,2096,True,0.25
2024-11-28,SEO/SEM,154.97,165.07,109.78,217.86,2188,True,4.43
2024-11-28,Social Media Management,119.96,122.44,73.0,205.9,3434,True,11.35
2024-11-28,Translation,54.61,58.7,26.51,87.65,3546,True,4.36
2024-11-28,Video Production,205.07,214.83,139.66,297.07,1752,True,13.13
2024-11-28,Virtual Assistant,36.34,34.72,22.11,52.69,5459,True,-3.91
2024-11-28,Web Development,311.04,296.12,198.14,511.54,5323,True,11.04
2024-11-29,AI/ML Development,449.95,456.12,301.35,741.8,1925,True,-10.24
2024-11-29,Content Writing,40.63,39.3,16.71,74.4,5149,True,-0.15
2024-11-29,Data Analysis,229.48,222.49,149.55,297.1,4742,True,8.96
2024-11-29,Financial Modeling,383.72,364.08,190.48,734.07,2450,True,25.19
2024-11-29,Graphic Design,82.85,88.41,37.65,166.91,4668,True,-7.59
2024-11-29,Legal Consulting,610.01,613.1,255.16,1151.95,1470,True,9.65
2024-11-29,Mobile App,391.99,413.7,263.25,506.05,1309,True,-1.44
2024-11-29,Music Production,131.77,132.05,54.81,246.66,2404,True,10.45
2024-11-29,Photography,108.97,109.02,58.79,155.76,2134,True,4.03
2024-11-29,SEO/SEM,158.55,164.49,86.89,253.86,3394,True,-1.51
2024-11-29,Social Media Management,109.18,115.84,78.92,148.74,3728,True,-4.28
2024-11-29,Translation,55.13,51.11,30.92,80.44,2849,True,17.1
2024-11-29,Video Production,211.05,202.86,112.97,394.07,1640,True,22.97
2024-11-29,Virtual Assistant,37.33,36.08,17.69,71.38,5948,True,24.77
2024-11-29,Web Development,312.3,290.02,178.61,520.0,6055,True,10.85
2024-11-30,AI/ML Development,400.25,392.55,183.39,729.96,2175,True,-22.91
2024-11-30,Content Writing,44.42,43.12,17.73,82.33,10616,True,17.54
2024-11-30,Data Analysis,205.43,201.37,146.77,270.47,4173,True,-6.91
2024-11-30,Financial Modeling,311.09,297.18,223.57,489.04,710,True,-12.33
2024-11-30,Graphic Design,68.22,65.44,49.5,86.1,5894,True,-2.21
2024-11-30,Legal Consulting,496.65,501.12,286.13,890.42,1012,True,-1.87
2024-11-30,Mobile App,382.11,386.07,158.02,836.45,1174,True,-6.8
2024-11-30,Music Production,119.79,120.7,78.8,161.47,1152,True,-5.55
2024-11-30,Photography,104.44,106.78,51.98,207.73,1564,True,-8.54
2024-11-30,SEO/SEM,189.44,200.01,83.86,307.51,2631,True,8.34
2024-11-30,Social Media Management,98.83,92.03,41.73,205.48,3869,True,-16.75
2024-11-30,Translation,56.37,53.18,25.04,98.88,3492,True,3.97
2024-11-30,Video Production,179.69,172.97,70.43,308.18,2526,True,-7.79
2024-11-30,Virtual Assistant,34.25,32.73,18.65,53.62,7851,True,-2.56
2024-11-30,Web Development,329.02,303.7,190.42,553.33,3939,True,-3.28
2024-12-01,AI/ML Development,395.92,378.5,201.15,679.63,3542,True,-21.47
2024-12-01,Content Writing,40.07,41.2,29.41,53.92,5344,True,-10.1
2024-12-01,Data Analysis,229.81,226.45,119.61,367.29,3752,True,-1.01
2024-12-01,Financial Modeling,303.29,308.12,120.94,601.49,1013,True,-9.45
2024-12-01,Graphic Design,94.96,96.44,59.27,148.58,5576,True,16.74
2024-12-01,Legal Consulting,465.63,466.69,183.81,999.71,902,True,-15.77
2024-12-01,Mobile App,448.7,474.03,209.5,856.96,3045,True,9.95
2024-12-01,Music Production,130.67,130.99,54.84,249.29,2153,True,-14.43
2024-12-01,Photography,102.99,106.62,42.62,215.55,3666,True,-12.8
2024-12-01,SEO/SEM,156.2,152.02,89.2,267.8,5027,True,-9.79
2024-12-01,Social Media Management,139.04,141.1,94.13,183.41,4259,True,11.86
2024-12-01,Translation,56.22,56.98,23.44,110.04,4566,True,0.02
2024-12-01,Video Production,188.55,185.54,122.8,259.31,1364,True,1.7
2024-12-01,Virtual Assistant,37.64,36.6,23.07,50.35,5726,True,19.57
2024-12-01,Web Development,292.01,274.46,151.37,459.77,4344,True,2.28
2024-12-02,AI/ML Development,472.17,449.99,189.89,733.84,1913,True,0.06
2024-12-02,Content Writing,34.44,35.09,21.56,46.42,6689,True,-11.9
2024-12-02,Data Analysis,240.87,226.3,109.69,404.22,4347,True,15.32
2024-12-02,Financial Modeling,350.86,372.58,195.03,574.21,1187,True,6.53
2024-12-02,Graphic Design,71.59,75.45,28.55,127.25,8061,True,2.2
2024-12-02,Legal Consulting,534.09,568.09,254.01,1001.21,871,True,1.69
2024-12-02,Mobile App,372.43,397.07,177.34,574.69,3277,True,0.61
2024-12-02,Music Production,140.91,146.06,57.02,305.58,3273,True,13.34
2024-12-02,Photography,110.02,110.43,63.6,204.96,1679,True,10.66
2024-12-02,SEO/SEM,169.46,157.54,94.21,274.44,3443,True,-2.51
2024-12-02,Social Media Management,137.86,136.56,72.32,214.95,3543,True,16.14
2024-12-02,Translation,51.54,54.59,27.41,83.94,5170,True,-7.37
2024-12-02,Video Production,174.92,173.45,113.71,278.23,2427,True,-17.6
2024-12-02,Virtual Assistant,30.07,29.47,17.9,45.44,4134,True,-5.11
2024-12-02,Web Development,293.89,282.66,175.56,463.6,6435,True,8.86
2024-12-03,AI/ML Development,516.21,514.6,371.1,643.54,1989,True,24.96
2024-12-03,Content Writing,42.78,43.69,30.19,65.02,9875,True,5.21
2024-12-03,Data Analysis,272.07,273.62,171.89,438.44,3382,True,6.86
2024-12-03,Financial Modeling,374.19,344.64,230.78,613.08,916,True,17.57
2024-12-03,Graphic Design,82.76,86.88,53.56,138.25,7588,True,5.52
2024-12-03,Legal Consulting,595.25,598.8,293.11,997.78,1035,True,10.97
2024-12-03,Mobile App,345.55,342.91,139.13,576.4,2962,True,-25.14
2024-12-03,Music Production,139.76,141.83,92.51,210.32,2394,True,6.78
2024-12-03,Photography,109.8,117.66,70.6,154.97,4455,True,21.15
2024-12-03,SEO/SEM,166.21,176.04,118.98,221.16,2831,True,2.86
2024-12-03,Social Media Management,123.17,128.63,57.0,184.47,4097,True,23.86
2024-12-03,Translation,50.81,49.74,33.84,75.84,5068,True,-13.09
2024-12-03,Video Production,217.94,229.76,153.3,298.08,1599,True,28.74
2024-12-03,Virtual Assistant,33.43,34.76,19.47,50.45,11978,True,7.22
2024-12-03,Web Development,270.65,282.09,196.61,340.67,4802,True,-10.19
2024-12-04,AI/ML Development,531.15,535.14,258.12,833.32,3242,True,4.72
2024-12-04,Content Writing,34.9,32.26,24.25,46.86,21035,True,-17.46
2024-12-04,Data Analysis,261.99,265.62,180.72,379.41,3003,True,9.78
2024-12-04,Financial Modeling,385.05,390.24,169.83,657.13,1102,True,-0.47
2024-12-04,Graphic Design,81.95,78.68,33.2,145.37,4731,True,19.58
2024-12-04,Legal Consulting,559.39,563.85,410.32,701.59,1110,True,-7.84
2024-12-04,Mobile App,374.25,391.92,204.12,654.62,2806,True,-9.28
2024-12-04,Music Production,131.32,130.81,67.83,258.02,1587,True,-0.9
2024-12-04,Photography,108.59,113.75,76.93,149.3,2840,True,3.68
2024-12-04,SEO/SEM,147.67,146.69,103.02,196.49,6989,True,-15.71
2024-12-04,Social Media Management,119.11,111.32,70.58,194.79,5403,True,1.09
2024-12-04,Translation,57.94,61.24,28.04,109.63,3507,True,3.37
2024-12-04,Video Production,204.64,194.38,112.76,361.42,1903,True,11.05
2024-12-04,Virtual Assistant,36.51,37.71,25.14,48.76,4197,True,-4.85
2024-12-04,Web Development,288.56,271.55,187.97,464.79,3436,True,3.17
2024-12-05,AI/ML Development,506.06,517.26,321.51,701.27,2397,True,0.06
2024-12-05,Content Writing,37.85,39.4,23.39,60.01,11141,True,-17.48
2024-12-05,Data Analysis,233.36,236.11,129.64,385.9,2832,True,4.06
2024-12-05,Financial Modeling,336.58,324.22,155.74,502.24,950,True,-5.88
2024-12-05,Graphic Design,80.39,75.16,40.68,123.32,9815,True,-2.83
2024-12-05,Legal Consulting,457.51,486.5,324.07,584.89,914,True,-14.37
2024-12-05,Mobile App,358.34,330.85,192.83,653.99,3290,True,7.9
2024-12-05,Music Production,160.26,149.92,100.86,217.86,1289,True,25.59
2024-12-05,Photography,98.25,100.72,52.84,179.46,3691,True,9.84
2024-12-05,SEO/SEM,175.2,188.93,105.04,279.18,2732,True,13.05
2024-12-05,Social Media Management,129.09,138.73,90.29,201.41,2335,True,7.61
2024-12-05,Translation,59.1,54.58,38.15,97.34,5803,True,8.22
2024-12-05,Video Production,223.81,228.93,160.85,315.97,1651,True,9.14
2024-12-05,Virtual Assistant,33.47,35.84,18.39,59.4,3243,True,-7.9
2024-12-05,Web Development,256.81,240.95,143.56,458.93,2959,True,-17.44
2024-12-06,AI/ML Development,585.96,613.38,264.06,1153.48,2707,False,30.23
2024-12-06,Content Writing,58.75,63.04,30.9,90.94,7929,False,44.6
2024-12-06,Data Analysis,334.84,322.3,154.25,501.78,3112,False,45.91
2024-12-06,Financial Modeling,432.26,408.27,178.55,942.57,1976,False,12.65
2024-12-06,Graphic Design,129.07,129.13,76.32,227.01,6170,False,55.79
2024-12-06,Legal Consulting,811.1,746.45,548.35,1226.34,892,False,32.97
2024-12-06,Mobile App,655.38,704.54,453.32,987.23,3361,False,67.19
2024-12-06,Music Production,187.63,184.96,77.1,308.87,1403,False,42.39
2024-12-06,Photography,137.98,132.12,97.22,192.05,3777,False,26.62
2024-12-06,SEO/SEM,217.41,212.28,113.47,410.73,4987,False,37.12
2024-12-06,Social Media Management,160.15,160.71,103.46,230.66,3950,False,46.68
2024-12-06,Translation,76.17,76.88,46.89,113.06,3378,False,38.16
2024-12-06,Video Production,262.62,251.76,190.56,409.59,1695,False,24.43
2024-12-06,Virtual Assistant,42.19,43.89,25.38,68.1,6081,False,13.02
2024-12-06,Web Development,415.82,407.12,190.33,695.22,5242,False,33.15
2024-12-07,AI/ML Development,635.43,650.86,435.5,1024.23,1542,False,58.76
2024-12-07,Content Writing,50.12,52.34,22.4,90.55,6682,False,12.83
2024-12-07,Data Analysis,319.21,317.26,138.07,655.22,1776,False,55.39
2024-12-07,Financial Modeling,527.06,568.39,242.78,914.19,800,False,69.42
2024-12-07,Graphic Design,111.65,114.2,66.42,196.76,3345,False,63.66
2024-12-07,Legal Consulting,742.21,685.99,537.39,931.64,1070,False,49.44
2024-12-07,Mobile App,576.79,582.84,259.32,927.97,2462,False,50.95
2024-12-07,Music Production,206.42,218.49,110.52,333.08,2413,False,72.32
2024-12-07,Photography,161.66,150.41,114.21,255.37,2045,False,54.79
2024-12-07,SEO/SEM,198.0,209.91,89.73,400.26,2984,False,4.52
2024-12-07,Social Media Management,147.94,143.72,59.01,255.65,3299,False,49.69
2024-12-07,Translation,72.74,72.22,51.51,113.28,3007,False,29.04
2024-12-07,Video Production,306.65,287.29,220.7,400.09,1621,False,70.66
2024-12-07,Virtual Assistant,49.1,51.39,33.48,72.13,7729,False,43.36
2024-12-07,Web Development,403.94,387.4,221.08,733.98,4768,False,22.77
2024-12-08,AI/ML Development,655.46,690.52,475.01,1016.08,2387,False,65.55
2024-12-08,Content Writing,51.35,51.27,23.56,85.83,10905,False,28.15
2024-12-08,Data Analysis,306.68,294.04,159.2,448.88,2767,False,33.45
2024-12-08,Financial Modeling,492.83,500.93,220.54,1040.38,2304,False,62.49
2024-12-08,Graphic Design,111.08,105.52,68.74,186.33,4361,False,16.98
2024-12-08,Legal Consulting,817.02,878.25,324.13,1620.21,688,False,75.47
2024-12-08,Mobile App,578.05,557.29,382.76,939.44,3703,False,28.83
2024-12-08,Music Production,220.01,233.52,134.88,308.7,2655,False,68.37
2024-12-08,Photography,129.8,133.92,71.7,226.48,2657,False,26.03
2024-12-08,SEO/SEM,231.64,246.13,130.87,400.97,3665,False,48.3
2024-12-08,Social Media Management,163.39,159.86,118.87,214.11,3486,False,17.51
2024-12-08,Translation,74.68,69.34,35.27,108.3,10298,False,32.84
2024-12-08,Video Production,281.75,296.03,118.45,580.97,2468,False,49.43
2024-12-08,Virtual Assistant,52.86,56.09,21.9,96.77,5456,False,40.44
2024-12-08,Web Development,420.03,429.99,198.82,870.12,4975,False,43.84
2024-12-09,AI/ML Development,686.68,663.92,476.36,923.71,2422,False,45.43
2024-12-09,Content Writing,54.23,52.01,24.5,89.04,6860,False,57.46
2024-12-09,Data Analysis,292.94,283.45,179.69,427.58,2764,False,21.62
2024-12-09,Financial Modeling,427.23,432.35,239.23,742.3,1498,False,21.77
2024-12-09,Graphic Design,103.69,95.46,40.21,205.69,6152,False,44.84
2024-12-09,Legal Consulting,859.33,815.06,619.09,1093.36,1039,False,60.9
2024-12-09,Mobile App,544.5,535.01,345.16,787.7,2833,False,46.2
2024-12-09,Music Production,199.1,200.48,98.08,389.15,754,False,41.3
2024-12-09,Photography,114.43,111.08,73.35,176.4,2291,False,4.01
2024-12-09,SEO/SEM,237.19,234.42,106.9,366.03,2985,False,39.97
2024-12-09,Social Media Management,154.76,145.33,66.66,259.05,6546,False,12.26
2024-12-09,Translation,74.93,72.34,41.45,103.24,15104,False,45.38
2024-12-09,Video Production,267.01,251.34,159.75,367.01,2425,False,52.65
2024-12-09,Virtual Assistant,46.71,43.12,33.58,61.38,6385,False,55.34
2024-12-09,Web Development,409.24,398.57,254.22,633.46,4800,False,39.25
2024-12-10,AI/ML Development,729.81,771.22,334.32,1274.32,1320,False,41.38
2024-12-10,Content Writing,54.94,55.75,33.26,88.03,8739,False,28.42
2024-12-10,Data Analysis,343.57,365.18,182.13,622.09,5544,False,26.28
2024-12-10,Financial Modeling,465.26,450.63,299.98,799.3,1919,False,24.34
2024-12-10,Graphic Design,99.37,99.51,40.9,215.56,3948,False,20.07
2024-12-10,Legal Consulting,718.99,666.8,345.94,1342.38,767,False,20.79
2024-12-10,Mobile App,570.8,558.22,404.65,814.76,2526,False,65.19
2024-12-10,Music Production,178.12,178.14,82.63,370.22,1910,False,27.45
2024-12-10,Photography,143.28,141.97,76.62,274.63,1934,False,30.49
2024-12-10,SEO/SEM,238.14,254.55,114.47,490.04,4081,False,43.28
2024-12-10,Social Media Management,150.31,146.24,82.15,274.55,4675,False,22.03
2024-12-10,Translation,69.12,67.61,44.93,101.05,3156,False,36.04
2024-12-10,Video Production,277.6,269.21,179.92,476.55,3090,False,27.37
2024-12-10,Virtual Assistant,41.87,42.05,21.01,68.73,5244,False,25.25
2024-12-10,Web Development,375.02,363.8,257.29,495.99,4983,False,38.56
2024-12-11,AI/ML Development,642.29,630.93,286.23,1158.51,7033,False,20.92
2024-12-11,Content Writing,56.64,56.11,40.34,75.38,9924,False,62.29
2024-12-11,Data Analysis,371.42,365.38,174.66,708.61,5615,False,41.77
2024-12-11,Financial Modeling,437.15,412.5,313.66,541.87,910,False,13.53
2024-12-11,Graphic Design,119.35,119.63,75.8,183.18,7102,False,45.64
2024-12-11,Legal Consulting,818.51,771.7,455.83,1215.92,575,False,46.32
2024-12-11,Mobile App,496.17,471.14,227.28,774.22,2747,False,32.58
2024-12-11,Music Production,170.69,168.92,120.65,213.95,2716,False,29.98
2024-12-11,Photography,142.63,142.45,86.78,248.36,2751,False,31.35
2024-12-11,SEO/SEM,243.21,231.27,112.77,502.08,3439,False,64.7
2024-12-11,Social Media Management,172.87,176.09,114.64,257.57,2562,False,45.13
2024-12-11,Translation,78.05,77.23,52.46,121.8,8811,False,34.71
2024-12-11,Video Production,276.99,261.08,110.94,591.98,1477,False,35.35
2024-12-11,Virtual Assistant,48.9,51.72,29.93,69.67,3424,False,33.94
2024-12-11,Web Development,481.7,487.78,198.52,799.19,5971,False,66.93
2024-12-12,AI/ML Development,644.76,654.45,473.08,966.32,1634,False,27.41
2024-12-12,Content Writing,62.6,62.53,43.52,93.04,4997,False,65.39
2024-12-12,Data Analysis,335.44,360.56,196.05,481.7,3913,False,43.74
2024-12-12,Financial Modeling,439.78,466.67,187.73,843.56,1200,False,30.66
2024-12-12,Graphic Design,104.78,104.87,65.86,166.94,5410,False,30.34
2024-12-12,Legal Consulting,684.72,685.84,474.19,897.25,904,False,49.66
2024-12-12,Mobile App,538.35,535.93,232.4,946.72,2687,False,50.23
2024-12-12,Music Production,149.4,142.63,80.46,273.17,926,False,-6.78
2024-12-12,Photography,121.88,120.1,67.58,170.16,1983,False,24.05
2024-12-12,SEO/SEM,239.48,231.56,117.53,444.83,3949,False,36.69
2024-12-12,Social Media Management,173.91,165.02,117.18,263.94,4542,False,34.72
2024-12-12,Translation,69.78,67.23,31.17,147.38,3351,False,18.07
2024-12-12,Video Production,320.32,338.93,159.14,477.51,1159,False,43.12
2024-12-12,Virtual Assistant,52.04,54.43,22.94,77.14,4524,False,55.48
2024-12-12,Web Development,465.14,438.63,238.97,797.15,4201,False,81.12
2024-12-13,AI/ML Development,682.64,721.49,415.52,936.48,1904,False,16.5
2024-12-13,Content Writing,54.73,53.95,22.43,86.2,6803,False,-6.84
2024-12-13,Data Analysis,351.01,324.66,177.33,539.45,3072,False,4.83
2024-12-13,Financial Modeling,488.62,520.93,286.56,720.49,804,False,13.04
2024-12-13,Graphic Design,105.7,112.98,58.49,200.38,6143,False,-18.11
2024-12-13,Legal Consulting,849.48,794.26,494.29,1209.26,1253,False,4.73
2024-12-13,Mobile App,554.46,546.33,392.75,748.67,1721,False,-15.4
2024-12-13,Music Production,195.87,206.14,85.69,334.42,2417,False,4.39
2024-12-13,Photography,144.92,146.2,67.36,227.92,2723,False,5.03
2024-12-13,SEO/SEM,251.41,249.83,153.76,394.88,3763,False,15.64
2024-12-13,Social Media Management,179.77,181.74,113.76,254.08,3841,False,12.25
2024-12-13,Translation,84.52,90.64,61.33,123.07,7598,False,10.96
2024-12-13,Video Production,299.99,322.63,136.65,465.37,2887,False,14.23
2024-12-13,Virtual Assistant,45.6,48.01,18.21,68.83,5959,False,8.08
2024-12-13,Web Development,410.9,383.79,214.07,785.59,4104,False,-1.18
2024-12-14,AI/ML Development,588.09,597.75,233.11,937.35,2185,False,-7.45
2024-12-14,Content Writing,56.84,58.5,24.49,86.22,6625,False,13.41
2024-12-14,Data Analysis,354.54,351.37,245.79,483.25,3499,False,11.07
2024-12-14,Financial Modeling,450.71,447.96,263.11,654.17,1014,False,-14.49
2024-12-14,Graphic Design,117.37,117.73,70.94,182.61,8641,False,5.12
2024-12-14,Legal Consulting,748.94,716.17,444.06,1104.09,663,False,0.91
2024-12-14,Mobile App,599.94,581.69,394.15,972.67,3099,False,4.01
2024-12-14,Music Production,195.45,183.6,141.45,263.52,790,False,-5.31
2024-12-14,Photography,145.14,150.17,79.4,227.12,2519,False,-10.22
2024-12-14,SEO/SEM,187.7,178.14,109.39,346.45,2930,False,-5.2
2024-12-14,Social Media Management,171.75,173.12,92.66,309.41,4247,False,16.09
2024-12-14,Translation,72.87,68.38,52.84,104.31,4865,False,0.18
2024-12-14,Video Production,242.36,246.48,109.25,507.76,2266,False,-20.97
2024-12-14,Virtual Assistant,51.83,54.39,33.73,87.94,7873,False,5.56
2024-12-14,Web Development,427.93,456.48,199.18,776.45,5409,False,5.94
2024-12-15,AI/ML Development,736.53,779.86,357.95,1401.9,2728,False,12.37
2024-12-15,Content Writing,52.92,51.32,29.06,73.05,5880,False,3.06
2024-12-15,Data Analysis,341.24,361.98,248.06,525.8,5611,False,11.27
2024-12-15,Financial Modeling,491.8,498.3,213.87,780.5,1095,False,-0.21
2024-12-15,Graphic Design,117.28,126.04,84.24,156.47,3850,False,5.58
2024-12-15,Legal Consulting,751.08,702.41,491.63,1184.18,1004,False,-8.07
2024-12-15,Mobile App,473.9,471.83,342.41,657.37,4402,False,-18.02
2024-12-15,Music Production,173.57,174.16,99.62,320.44,1505,False,-21.11
2024-12-15,Photography,116.62,116.6,70.2,186.31,3245,False,-10.15
2024-12-15,SEO/SEM,225.8,242.84,155.4,361.41,5179,False,-2.52
2024-12-15,Social Media Management,177.55,174.59,113.72,288.97,4152,False,8.67
2024-12-15,Translation,76.28,71.04,41.3,120.65,5219,False,2.14
2024-12-15,Video Production,271.09,263.75,180.07,428.1,3332,False,-3.78
2024-12-15,Virtual Assistant,50.28,48.68,29.88,75.34,8398,False,-4.88
2024-12-15,Web Development,376.28,370.03,174.0,720.35,3977,False,-10.42
2024-12-16,AI/ML Development,613.86,603.88,308.48,945.94,2452,False,-10.6
2024-12-16,Content Writing,51.23,48.34,37.55,75.01,8831,False,-5.53
2024-12-16,Data Analysis,317.11,316.46,229.46,491.42,2606,False,8.25
2024-12-16,Financial Modeling,452.05,464.18,195.32,885.95,2144,False,5.81
2024-12-16,Graphic Design,120.71,117.58,85.88,180.81,7866,False,16.41
2024-12-16,Legal Consulting,841.74,879.25,336.96,1624.2,862,False,-2.05
2024-12-16,Mobile App,576.54,577.36,411.1,879.34,2884,False,5.88
2024-12-16,Music Production,197.29,202.59,119.7,300.76,1959,False,-0.91
2024-12-16,Photography,146.97,135.83,57.52,292.22,1576,False,28.44
2024-12-16,SEO/SEM,251.4,270.58,111.06,519.63,3150,False,5.99
2024-12-16,Social Media Management,174.68,161.94,78.74,318.77,3988,False,12.87
2024-12-16,Translation,67.16,66.21,32.7,129.66,4296,False,-10.37
2024-12-16,Video Production,287.77,273.69,120.85,537.84,1183,False,7.77
2024-12-16,Virtual Assistant,48.13,50.39,26.28,69.51,7601,False,3.04
2024-12-16,Web Development,428.06,458.79,179.21,832.03,6198,False,4.6
2024-12-17,AI/ML Development,760.73,714.58,342.67,1298.35,6665,False,4.24
2024-12-17,Content Writing,57.92,53.6,31.34,104.42,5662,False,5.42
2024-12-17,Data Analysis,342.42,331.58,195.82,621.13,8468,False,-0.33
2024-12-17,Financial Modeling,504.66,492.03,323.17,716.16,2599,False,8.47
2024-12-17,Graphic Design,95.54,95.6,58.69,126.66,9182,False,-3.85
2024-12-17,Legal Consulting,879.99,824.09,401.67,1814.73,958,False,22.39
2024-12-17,Mobile App,541.23,565.74,329.64,933.3,2632,False,-5.18
2024-12-17,Music Production,188.79,184.56,137.9,239.86,1363,False,5.99
2024-12-17,Photography,120.22,124.95,57.94,247.5,2008,False,-16.09
2024-12-17,SEO/SEM,260.43,264.52,187.56,356.64,5311,False,9.36
2024-12-17,Social Media Management,175.53,162.37,115.66,225.27,2707,False,16.78
2024-12-17,Translation,68.59,70.35,40.83,123.14,6228,False,-0.77
2024-12-17,Video Production,256.85,256.03,140.37,402.52,1379,False,-7.47
2024-12-17,Virtual Assistant,52.05,55.24,25.48,90.01,5741,False,24.31
2024-12-17,Web Development,400.78,372.97,178.17,816.95,5107,False,6.87
2024-12-18,AI/ML Development,559.03,559.92,298.54,1006.16,2573,False,-12.96
2024-12-18,Content Writing,46.47,44.65,21.49,86.03,7320,False,-17.96
2024-12-18,Data Analysis,280.59,302.77,193.49,438.14,2001,False,-24.45
2024-12-18,Financial Modeling,463.96,457.43,303.55,748.25,1597,False,6.13
2024-12-18,Graphic Design,100.67,97.34,43.59,203.89,5706,False,-15.65
2024-12-18,Legal Consulting,823.93,759.8,377.49,1409.09,566,False,0.66
2024-12-18,Mobile App,464.97,468.39,244.88,666.19,2294,False,-6.29
2024-12-18,Music Production,169.76,163.65,122.13,264.02,840,False,-0.54
2024-12-18,Photography,118.17,127.07,83.97,175.46,2318,False,-17.15
2024-12-18,SEO/SEM,,188.0,116.93,301.42,4745,False,-16.46
2024-12-18,Social Media Management,188.39,203.43,80.96,284.93,6604,False,8.98
2024-12-18,Translation,70.06,64.5,34.61,105.06,3062,False,-10.24
2024-12-18,Video Production,272.0,251.94,185.83,346.67,1983,False,-1.8
2024-12-18,Virtual Assistant,,50.84,32.04,72.92,10698,False,-2.31
2024-12-18,Web Development,387.01,411.71,200.73,689.44,3968,False,-19.66
2024-12-19,AI/ML Development,649.46,642.61,302.0,937.43,5056,False,0.73
2024-12-19,Content Writing,61.29,59.01,23.7,126.65,11880,False,-2.09
2024-12-19,Data Analysis,312.37,314.12,159.49,554.34,4391,False,-6.88
2024-12-19,Financial Modeling,444.31,439.8,276.14,613.0,978,False,1.03
2024-12-19,Graphic Design,111.1,118.05,71.68,144.87,5431,False,6.03
2024-12-19,Legal Consulting,690.27,678.31,317.46,1432.6,1001,False,0.81
2024-12-19,Mobile App,480.12,495.19,349.23,657.96,2578,False,-10.82
2024-12-19,Music Production,159.49,162.82,92.65,224.04,1277,False,6.75
2024-12-19,Photography,127.69,127.17,81.44,216.29,1963,False,4.77
2024-12-19,SEO/SEM,236.69,254.09,172.84,314.79,3184,False,-1.17
2024-12-19,Social Media Management,154.48,150.88,108.59,212.01,3070,False,-11.17
2024-12-19,Translation,69.26,73.91,30.94,144.22,3938,False,-0.75
2024-12-19,Video Production,276.23,273.77,188.35,396.0,2119,False,-13.76
2024-12-19,Virtual Assistant,47.84,46.82,27.93,75.56,9027,False,-8.07
2024-12-19,Web Development,428.31,420.98,305.73,565.0,4354,False,-7.92
2024-12-20,AI/ML Development,638.2,606.5,298.72,922.73,785,False,-6.51
2024-12-20,Content Writing,57.51,58.51,23.61,103.04,16724,False,5.08
2024-12-20,Data Analysis,285.86,305.54,178.68,428.87,5404,False,-18.56
2024-12-20,Financial Modeling,415.62,445.69,174.95,858.56,1361,False,-14.94
2024-12-20,Graphic Design,113.68,113.0,71.72,162.42,6397,False,7.55
2024-12-20,Legal Consulting,717.34,753.66,526.1,912.89,718,False,-15.56
2024-12-20,Mobile App,538.42,515.89,386.83,724.32,5728,False,-2.89
2024-12-20,Music Production,188.24,186.2,102.24,312.11,1193,False,-3.9
2024-12-20,Photography,135.1,136.84,75.86,228.88,2192,False,-6.78
2024-12-20,SEO/SEM,278.4,289.39,198.37,348.21,3284,False,10.74
2024-12-20,Social Media Management,158.69,167.97,77.96,293.83,4544,False,-11.73
2024-12-20,Translation,66.76,65.39,27.55,118.13,6772,False,-21.01
2024-12-20,Video Production,310.18,323.61,185.94,550.96,1730,False,3.4
2024-12-20,Virtual Assistant,46.27,45.57,23.28,82.75,6620,False,1.47
2024-12-20,Web Development,369.22,393.19,244.23,526.02,4880,False,-10.14
2024-12-21,AI/ML Development,699.89,751.58,338.69,1354.21,5513,False,19.01
2024-12-21,Content Writing,53.71,56.94,21.13,104.51,15745,False,-5.51
2024-12-21,Data Analysis,289.65,305.07,202.82,424.24,4082,False,-18.3
2024-12-21,Financial Modeling,461.8,452.12,219.25,782.38,774,False,2.46
2024-12-21,Graphic Design,117.18,124.09,83.0,156.39,8083,False,-0.16
2024-12-21,Legal Consulting,880.6,854.03,447.12,1763.77,992,False,17.58
2024-12-21,Mobile App,624.15,600.04,361.78,1003.96,2199,False,4.04
2024-12-21,Music Production,182.51,189.72,76.47,355.64,1539,False,-6.62
2024-12-21,Photography,139.09,146.66,93.36,190.03,3244,False,-4.17
2024-12-21,SEO/SEM,200.25,201.23,128.61,332.02,5984,False,6.69
2024-12-21,Social Media Management,180.24,172.17,116.52,275.66,5605,False,4.94
2024-12-21,Translation,68.13,67.86,29.74,141.72,8895,False,-6.5
2024-12-21,Video Production,268.63,250.51,175.98,441.01,2875,False,10.84
2024-12-21,Virtual Assistant,46.7,48.78,33.57,67.98,8988,False,-9.9
2024-12-21,Web Development,389.91,398.47,191.84,590.33,6440,False,-8.88
2024-12-22,AI/ML Development,694.79,721.54,271.01,1330.63,2569,False,-5.67
2024-12-22,Content Writing,51.43,47.65,32.55,79.09,14395,False,-2.82
2024-12-22,Data Analysis,311.72,313.67,160.85,475.49,2988,False,-8.65
2024-12-22,Financial Modeling,534.15,543.81,319.47,924.32,1664,False,8.61
2024-12-22,Graphic Design,117.62,126.37,73.76,194.25,8311,False,0.29
2024-12-22,Legal Consulting,730.79,674.13,414.13,1141.04,778,False,-2.7
2024-12-22,Mobile App,538.08,553.41,251.99,1027.94,2333,False,13.54
2024-12-22,Music Production,188.64,197.49,84.3,309.15,1750,False,8.68
2024-12-22,Photography,149.14,158.37,69.69,269.01,3203,False,27.89
2024-12-22,SEO/SEM,231.15,246.52,120.24,401.9,4229,False,2.37
2024-12-22,Social Media Management,156.23,165.45,61.36,297.89,4012,False,-12.01
2024-12-22,Translation,68.15,69.47,46.73,85.9,4530,False,-10.66
2024-12-22,Video Production,242.14,223.07,122.2,444.47,1616,False,-10.68
2024-12-22,Virtual Assistant,53.42,51.55,32.76,93.1,10234,False,6.25
2024-12-22,Web Development,440.47,415.94,294.42,601.7,3270,False,17.06
2024-12-23,AI/ML Development,671.17,690.68,318.97,1215.55,3660,False,9.34
2024-12-23,Content Writing,45.88,48.44,31.46,65.14,8099,False,-10.44
2024-12-23,Data Analysis,347.77,353.82,135.96,621.05,5612,False,9.67
2024-12-23,Financial Modeling,445.6,474.34,300.74,735.61,1596,False,-1.43
2024-12-23,Graphic Design,114.76,122.91,45.34,180.69,7394,False,-4.93
2024-12-23,Legal Consulting,776.88,794.11,437.63,1264.44,577,False,-7.71
2024-12-23,Mobile App,645.56,658.69,380.7,898.75,3422,False,11.97
2024-12-23,Music Production,195.62,199.23,115.68,286.07,716,False,-0.85
2024-12-23,Photography,150.92,140.32,87.23,276.91,3419,False,2.69
2024-12-23,SEO/SEM,221.06,230.24,135.09,355.52,5956,False,-12.07
2024-12-23,Social Media Management,173.27,160.38,118.75,274.1,5198,False,-0.81
2024-12-23,Translation,75.3,73.11,50.86,100.83,6076,False,12.12
2024-12-23,Video Production,283.99,293.05,118.63,525.71,2414,False,-1.31
2024-12-23,Virtual Assistant,55.44,55.9,24.92,97.67,6545,False,15.19
2024-12-23,Web Development,383.32,397.86,192.28,573.93,4610,False,-10.45
2024-12-24,AI/ML Development,555.7,581.82,320.37,821.75,1895,False,-26.95
2024-12-24,Content Writing,52.18,50.22,23.97,86.4,10276,False,-9.91
2024-12-24,Data Analysis,358.74,355.57,231.06,554.1,1928,False,4.77
2024-12-24,Financial Modeling,490.89,477.61,290.95,853.8,1250,False,-2.73
2024-12-24,Graphic Design,117.72,116.06,79.38,190.8,5996,False,23.22
2024-12-24,Legal Consulting,764.55,711.46,294.07,1695.54,994,False,-13.12
2024-12-24,Mobile App,588.5,581.84,255.13,878.96,4460,False,8.73
2024-12-24,Music Production,158.38,153.41,102.06,261.44,1704,False,-16.11
2024-12-24,Photography,137.87,130.1,65.15,272.22,2275,False,14.68
2024-12-24,SEO/SEM,220.89,209.48,117.4,317.24,3680,False,-15.18
2024-12-24,Social Media Management,169.9,178.17,73.32,273.85,5106,False,-3.21
2024-12-24,Translation,81.08,75.13,53.53,136.35,3187,False,18.21
2024-12-24,Video Production,296.28,300.62,191.35,502.69,2592,False,15.35
2024-12-24,Virtual Assistant,46.68,43.69,19.38,100.78,7955,False,-10.32
2024-12-24,Web Development,445.52,424.61,277.25,592.35,6680,False,11.16
2024-12-25,AI/ML Development,586.82,584.49,248.26,1135.15,2311,False,4.97
2024-12-25,Content Writing,65.62,70.62,31.62,106.79,7500,False,41.21
2024-12-25,Data Analysis,271.77,293.1,159.64,492.13,2414,False,-3.14
2024-12-25,Financial Modeling,489.51,489.14,288.22,780.97,1274,False,5.51
2024-12-25,Graphic Design,97.84,100.67,50.81,151.86,4804,False,-2.81
2024-12-25,Legal Consulting,746.08,779.58,539.05,1038.81,656,False,-9.45
2024-12-25,Mobile App,548.73,587.29,384.64,687.0,2213,False,18.01
2024-12-25,Music Production,150.22,146.66,77.42,255.31,1346,False,-11.51
2024-12-25,Photography,157.64,146.78,98.05,215.79,4006,False,33.4
2024-12-25,SEO/SEM,253.91,240.81,186.51,318.62,2017,False,24.97
2024-12-25,Social Media Management,178.49,188.31,108.3,316.68,5118,False,-5.26
2024-12-25,Translation,77.32,72.55,56.34,104.29,2775,False,10.36
2024-12-25,Video Production,245.92,230.39,179.72,358.16,1063,False,-9.59
2024-12-25,Virtual Assistant,49.55,47.08,33.94,69.75,12426,False,3.73
2024-12-25,Web Development,433.12,467.0,268.19,650.35,3563,False,11.91
2024-12-26,AI/ML Development,670.34,674.8,390.07,1227.13,2654,False,3.21
2024-12-26,Content Writing,53.72,49.75,23.09,91.18,9930,False,-12.35
2024-12-26,Data Analysis,305.17,328.44,141.97,519.54,2557,False,-2.3
2024-12-26,Financial Modeling,475.62,499.36,324.7,625.82,778,False,7.05
2024-12-26,Graphic Design,112.6,107.12,72.88,165.0,4900,False,1.35
2024-12-26,Legal Consulting,766.52,788.67,426.45,1450.53,621,False,11.05
2024-12-26,Mobile App,460.55,464.65,243.15,788.58,3975,False,-4.08
2024-12-26,Music Production,193.33,202.28,100.8,330.63,1937,False,21.22
2024-12-26,Photography,142.14,148.65,73.59,201.12,2491,False,11.32
2024-12-26,SEO/SEM,269.09,287.11,169.51,367.03,3638,False,13.69
2024-12-26,Social Media Management,148.94,148.26,61.02,284.91,4235,False,-3.59
2024-12-26,Translation,72.81,67.27,42.34,110.14,6691,False,5.13
2024-12-26,Video Production,263.99,251.43,138.11,397.01,4292,False,-4.43
2024-12-26,Virtual Assistant,50.17,48.84,36.49,63.61,6847,False,4.87
2024-12-26,Web Development,433.49,415.76,189.26,658.35,2009,False,1.21
2024-12-27,AI/ML Development,673.84,624.22,281.44,1149.47,2856,False,5.58
2024-12-27,Content Writing,56.24,56.05,39.18,90.56,5822,False,-2.21
2024-12-27,Data Analysis,307.53,307.58,199.14,524.79,4164,False,7.58
2024-12-27,Financial Modeling,494.86,458.14,195.05,761.83,811,False,19.07
2024-12-27,Graphic Design,105.28,111.94,56.31,149.1,4179,False,-7.39
2024-12-27,Legal Consulting,643.14,639.0,461.13,840.83,1088,False,-10.34
2024-12-27,Mobile App,595.53,596.49,332.84,977.53,2922,False,10.61
2024-12-27,Music Production,164.73,164.57,96.18,272.03,1728,False,-12.49
2024-12-27,Photography,129.96,119.63,68.79,245.26,2810,False,-3.8
2024-12-27,SEO/SEM,223.54,228.57,152.89,281.57,3589,False,-19.71
2024-12-27,Social Media Management,167.39,162.19,65.44,291.96,3323,False,5.48
2024-12-27,Translation,84.87,79.91,61.92,103.66,6338,False,27.13
2024-12-27,Video Production,278.25,276.9,196.24,441.08,1599,False,-10.29
2024-12-27,Virtual Assistant,40.41,41.03,18.15,79.61,5602,False,-12.66
2024-12-27,Web Development,375.89,397.51,260.12,593.09,6267,False,1.81
2024-12-28,AI/ML Development,763.56,722.91,344.0,1602.73,3215,False,9.1
2024-12-28,Content Writing,57.11,55.53,22.54,107.33,9406,False,6.33
2024-12-28,Data Analysis,357.03,381.79,154.96,538.24,3286,False,23.26
2024-12-28,Financial Modeling,453.69,475.23,330.43,601.36,988,False,-1.76
2024-12-28,Graphic Design,129.88,128.02,79.22,195.64,6525,False,10.84
2024-12-28,Legal Consulting,630.7,675.95,339.27,1126.3,1114,False,-28.38
2024-12-28,Mobile App,661.07,648.04,325.88,956.32,2568,False,5.92
2024-12-28,Music Production,186.05,173.93,113.75,319.33,2448,False,1.94
2024-12-28,Photography,129.77,139.5,61.63,245.57,2516,False,-6.7
2024-12-28,SEO/SEM,247.28,246.41,144.57,405.91,3668,False,23.49
2024-12-28,Social Media Management,,185.57,115.93,233.06,2160,False,-4.15
2024-12-28,Translation,82.0,78.12,41.7,133.44,5911,False,20.36
2024-12-28,Video Production,296.66,274.35,147.09,479.25,2071,False,10.43
2024-12-28,Virtual Assistant,48.36,51.96,34.58,65.36,4514,False,3.55
2024-12-28,Web Development,402.14,396.78,169.11,850.72,4501,False,3.14
2024-12-29,AI/ML Development,725.25,747.51,501.99,998.7,1624,False,4.38
2024-12-29,Content Writing,54.63,57.95,34.65,71.89,6579,False,6.22
2024-12-29,Data Analysis,,295.85,197.08,472.07,3185,False,-2.82
2024-12-29,Financial Modeling,402.48,378.15,157.83,712.14,1221,False,-24.65
2024-12-29,Graphic Design,110.31,111.38,48.1,215.01,6900,False,-6.21
2024-12-29,Legal Consulting,628.54,616.16,348.51,1033.26,921,False,-13.99
2024-12-29,Mobile App,615.37,594.05,312.02,1147.19,2299,False,14.36
2024-12-29,Music Production,166.0,171.89,101.19,277.08,2175,False,-12.0
2024-12-29,Photography,128.65,133.33,75.2,228.65,3628,False,-13.74
2024-12-29,SEO/SEM,258.57,275.11,160.69,405.97,9317,False,11.86
2024-12-29,Social Media Management,161.77,154.43,68.39,343.67,4137,False,3.55
2024-12-29,Translation,68.2,67.32,42.4,109.24,4009,False,0.07
2024-12-29,Video Production,333.14,321.28,187.71,532.02,2478,False,37.58
2024-12-29,Virtual Assistant,43.62,46.86,27.83,68.41,5502,False,-18.35
2024-12-29,Web Development,473.99,445.71,345.6,636.61,6088,False,7.61
2024-12-30,AI/ML Development,591.48,614.18,232.1,903.93,1426,False,-11.87
2024-12-30,Content Writing,49.63,53.37,21.38,103.4,6108,False,8.17
2024-12-30,Data Analysis,325.88,330.64,209.62,479.79,4516,False,-6.29
2024-12-30,Financial Modeling,461.55,460.4,185.48,820.68,2649,False,3.58
2024-12-30,Graphic Design,101.97,106.57,61.5,173.46,4198,False,-11.14
2024-12-30,Legal Consulting,804.51,770.6,564.71,1085.82,1609,False,3.56
2024-12-30,Mobile App,594.53,555.89,308.73,885.86,2083,False,-7.9
2024-12-30,Music Production,174.67,169.28,86.88,334.44,1555,False,-10.71
2024-12-30,Photography,149.38,149.99,85.72,206.76,1807,False,-1.02
2024-12-30,SEO/SEM,211.78,216.58,86.85,451.64,4212,False,-4.2
2024-12-30,Social Media Management,172.48,182.77,83.88,291.92,3791,False,-0.46
2024-12-30,Translation,74.55,74.6,51.0,99.15,3820,False,-1.0
2024-12-30,Video Production,275.26,284.57,155.46,515.17,2511,False,-3.07
2024-12-30,Virtual Assistant,37.52,39.03,23.77,56.38,5030,False,-32.32
2024-12-30,Web Development,397.84,373.8,270.73,615.48,4457,False,3.79
2024-12-31,AI/ML Development,790.08,840.89,372.15,1352.28,1354,False,42.18
2024-12-31,Content Writing,56.94,57.08,29.92,97.21,6981,False,9.12
2024-12-31,Data Analysis,336.22,352.32,230.38,440.25,4265,False,-6.28
2024-12-31,Financial Modeling,414.23,406.24,256.61,571.57,1036,False,-15.62
2024-12-31,Graphic Design,126.12,133.57,51.54,275.3,5561,False,7.14
2024-12-31,Legal Consulting,738.97,766.78,457.9,1039.16,424,False,-3.35
2024-12-31,Mobile App,636.72,647.34,275.73,948.37,1903,False,8.19
2024-12-31,Music Production,177.72,187.07,79.74,287.58,1429,False,12.21
2024-12-31,Photography,124.43,116.56,50.33,244.97,2728,False,-9.75
2024-12-31,SEO/SEM,203.09,209.51,123.64,304.42,3597,False,-8.06
2024-12-31,Social Media Management,149.98,153.47,103.29,203.53,2640,False,-11.72
2024-12-31,Translation,82.1,85.98,40.28,146.03,6681,False,1.26
2024-12-31,Video Production,272.73,267.3,139.26,442.49,1847,False,-7.95
2024-12-31,Virtual Assistant,47.76,47.2,24.44,75.64,5092,False,2.31
2024-12-31,Web Development,364.87,374.99,248.68,571.17,4327,False,-18.1
